StartDate,EndDate,Status,Progress,Duration (in seconds),Finished,RecordedDate,ResponseId,DistributionChannel,UserLanguage,Prolific,sat1,sat2,sat3,sat4,sat5,alt1a,alt2,alt3,alt4,alt5,inv1,inv2,inv3,inv4,inv5,tiis1,tiis2,tiis3,tiis4,tiis5,tiis6,tiis7,tiis8,tiis9,tiis10,tiis11,tiis12,tiis13,ecr1,ecr2,ecr3,ecr4,ecr5,Q7_19,ecr6,ecr7,ecr8,ecr9,ecr10,ecr11,ecr12,ecr13,ecr14,ecr15,ecr16,ecr17,ecr18,com1,com2,com3,com4,com5,com6,com7,Psat1,Psat2,Psat3,Psat4,Psat5,Palt1,Palt2,Palt3,Palt4,Palt5,Pinv1,Pinv2,Pinv3,Pinv4,Pinv5,Ptiis1,Ptiis2,Ptiis3,Ptiis4,Ptiis5,Ptiis6,Ptiis7,Ptiis8,Ptiis9,Ptiis10,Ptiis11,Ptiis12,Ptiis13,Pcom1,Pcom2,Pcom3,Pcom4,Pcom5,Pcom6,Pcom7,tangible,intangible,Manipulation,days,behexpected,behtypical,behfuture,behnot,behappre,pPtiis1,pPtiis2,pPtiis3,pPtiis4,pPtiis5,pPtiis6,pPtiis7,pPtiis8,pPtiis9,pPtiis10,pPtiis11,pPtiis12,pPtiis13,pPinv1,pPinv2,pPinv3,pPinv4,pPinv5,pcom1...128,pcom2...129,pcom3...130,pcom4...131,pcom5...132,pcom6...133,pcom7...134,psat1,psat2,psat3,psat4,psat5,palt1a,palt2,palt3,palt4,palt5,pinv1,pinv2,pinv3,pinv4,pinv5,ptiis1,ptiis2,ptiis3,ptiis4,ptiis5,ptiis6,ptiis7,ptiis8,ptiis9,ptiis10,ptiis11,ptiis12,ptiis13,pcom1...163,pcom2...164,pcom3...165,pcom4...166,pcom5...167,pcom6...168,pcom7...169,Sex,Gender,Age,Race,Race_5_TEXT,RelLeng,RelExcl,RelExcl_6_TEXT,EngNat,EngYears,id,pre_selftangible,pre_selfintangible,pre_Pinvestments,pPintangible,pPtangible,pPinvestments
6/7/2018 13:10,6/7/2018 13:22,0,100,692,1,6/7/2018 13:22,R_Zwtvsf4rR9bHqgx,anonymous,EN,5b188d1abdf4e1000163361c,7,7,7,8,7,4,3,5,4,4,7,7,8,3,7,8,8,7,0,0,6,0,0,5,8,0,6,8,3,6,6,5,7,3,2,6,6,7,4,6,5,7,2,6,7,7,6,8,8,1,2,7,8,7,6,6,7,7,8,5,4,3,3,8,6,5,6,5,5,6,8,5,0,0,6,0,0,5,6,0,3,8,7,7,2,2,6,7,6,NA,"My partner invested his time to come see me before I left for a summer job in a different state. This made me feel very happy and loved, as he had family visiting, but he took time out of his day to come see me and help me pack. It made me feel grateful that I have him in my life and it made me feel like he truly cared about me.",Intangible,6,8,7,8,9,9,7,7,6,1,1,7,1,1,6,7,1,4,9,7,5,6,6,7,8,8,2,2,8,9,8,8,8,8,9,9,6,6,5,4,6,6,6,8,3,7,7,8,8,1,1,7,1,1,6,8,1,7,9,8,8,2,2,7,9,8,2,Female,18,3,NA,6 months,3,NA,1,NA,NA,0,0,3.6153846153846154,1,6.625,4.461538461538462
6/7/2018 13:08,6/7/2018 13:25,0,100,1029,1,6/7/2018 13:25,R_cviUoQSDfGRKHAt,anonymous,EN,5952b79bc6a70f00010ab197,5,6,5,5,3,3,6,2,5,3,6,3,4,2,3,4,5,5,5,5,4,8,8,5,6,0,4,4,4,6,3,5,4,3,4,5,6,3,5,5,4,4,3,5,4,5,5,8,7,0,1,5,7,8,4,6,6,7,3,4,4,3,3,4,5,5,6,3,4,4,6,6,4,0,6,8,8,5,4,0,4,4,8,5,0,0,7,8,8,NA,"My partner has recently invested emotional support into our relationship. I have been going through a difficult time and I asked my partner to spend time with me while I work on bettering myself. My partner was reluctant at first, which made me feel lonely and as if I wasn't a priority. However, after a few days, my partner started to offer their time to me while I engaged in self-improvement activities. This time spent together has made me feel supported and wanted. Our conversations have been more pleasant since this event.",Intangible,3,3,3,10,8,8,6,7,7,6,1,8,9,9,6,6,1,5,6,8,8,6,3,6,9,8,1,1,8,9,9,6,6,6,7,4,3,6,3,6,5,7,7,7,2,5,7,7,6,6,1,6,9,9,6,7,1,6,6,9,6,1,1,9,9,9,2,Female,33,3,NA,84,5,NA,1,NA,NA,5.2,5.2,4.538461538461538,5.2,6.375,5.923076923076923
6/7/2018 13:11,6/7/2018 13:26,0,100,918,1,6/7/2018 13:26,R_3Esb89vpoeRG15Z,anonymous,EN,5b1827e244127b00013f9144,5,6,5,6,4,3,1,3,4,2,4,6,6,6,6,5,6,7,8,8,6,8,8,8,6,0,8,6,1,2,6,2,6,3,2,6,2,6,2,6,2,6,6,6,2,6,4,7,7,1,0,7,7,7,4,4,4,6,6,2,2,0,4,2,8,8,8,7,7,8,8,8,8,8,6,8,8,7,7,0,7,7,8,8,0,0,8,8,8,NA,"In the past two weeks my wife has invested a lot of time into out relationship. She (and I) have been busy trying to move and settle in a new location. That being said we have argued more and had more disagreements. Through these arguments we have learned we need to still invest time directly with each other and not in tasks FOR each other. That being said, my wife has been very conscious of the time we are doing chores and has made it clear when we are to ""do nothing"" and invest time in each other exclusivity. This has made both of us much happier and helped relieve stress in our lives.",Intangible,NA,6,9,8,8,9,9,9,9,9,9,7,9,9,8,8,1,8,8,9,9,9,9,9,9,9,1,1,9,9,9,7,8,7,7,7,2,4,2,4,1,9,9,9,9,9,8,8,8,8,8,8,9,9,8,9,1,9,9,9,9,1,1,8,9,9,1,Male,24,5,Caucasian,36,5,NA,1,NA,NA,6.4,6.4,6.923076923076923,7.4,8.25,7.923076923076923
6/7/2018 13:34,6/7/2018 13:48,0,100,824,1,6/7/2018 13:48,R_3I9kX884TybUxT1,anonymous,EN,59882b440e411a0001d838e0,8,8,8,8,8,0,0,2,0,2,8,8,8,0,8,8,8,8,8,0,8,0,8,8,8,0,8,8,1,1,7,1,7,3,1,5,1,7,1,7,1,1,1,NA,1,7,1,8,8,0,0,8,8,8,8,8,8,8,8,0,0,0,0,2,8,8,8,0,8,8,8,8,8,0,8,0,8,8,8,0,8,8,8,8,0,0,8,8,8,NA,We have recently got engaged and are currently planning our wedding together,Intangible,8,9,9,9,10,9,9,9,9,9,1,9,1,9,9,NA,1,9,9,9,9,9,1,9,9,9,1,1,9,9,9,9,9,9,9,9,1,1,1,1,1,9,9,9,1,9,9,9,9,9,1,9,1,9,9,9,1,9,9,9,9,1,1,9,9,9,1,Male,28,3,NA,63,4,NA,1,NA,NA,3.2,3.2,6.153846153846154,4.2,9,7
6/7/2018 13:33,6/7/2018 13:57,0,100,1463,1,6/7/2018 13:57,R_3wHYVgqnZupfjFf,anonymous,EN,5abccb220527ba0001c1c7a4,7,7,7,7,8,0,0,6,6,6,6,4,6,0,3,7,8,8,8,8,4,8,8,6,7,8,6,6,6,2,6,2,6,3,6,6,2,5,2,6,3,6,2,6,2,6,2,8,8,1,0,7,8,8,8,7,8,8,7,2,2,4,2,2,8,7,7,0,8,8,8,8,8,8,8,8,8,8,8,8,8,6,8,8,0,0,8,8,8,NA,"I was suffering from a migraine a week or so ago and my partner had a lot of work to do, but he invested time that he really didn't have to spare on taking care of me. His time and attention made me feel loved and special. 

He always makes me feel special though, and I hope I do him as well.",Intangible,11 days ago,8,9,9,7,9,9,9,9,9,9,9,9,9,9,9,9,9,7,9,8,9,1,8,9,9,1,1,8,9,9,8,8,8,8,9,2,6,6,3,3,9,7,9,1,8,9,9,8,9,9,7,9,9,8,9,9,9,7,9,9,1,1,9,9,9,2,Female,54,3,NA,300,5,NA,1,NA,NA,8,8,7.846153846153846,9,8.75,8.846153846153847
6/7/2018 13:38,6/7/2018 13:58,0,100,1246,1,6/7/2018 13:58,R_2X7fAIaNuXGtcCM,anonymous,EN,55c0ca6cfdf99b2e8efc9f4b,7,5,6,6,7,3,6,6,4,3,8,8,8,8,7,8,8,8,8,8,8,8,8,8,8,8,8,7,1,1,1,1,6,3,1,6,1,6,1,6,1,7,1,7,6,6,2,8,8,0,0,8,8,8,7,7,7,7,6,4,4,4,2,2,8,8,8,8,8,7,7,7,8,8,7,8,8,7,7,8,8,5,8,8,0,0,8,8,8,"We bought a new mattress in the past two weeks. It was an expensive purchase, and we were thinking about it for quite some time. I'm very glad we bought it because it is so comfortable and we are sleeping really well.",NA,Tangible,7,8,8,8,8,9,9,9,9,9,9,8,9,9,8,9,9,9,7,9,7,8,7,8,9,9,1,1,9,9,9,8,8,8,8,8,3,2,4,2,3,8,9,9,9,9,9,9,9,9,9,8,9,9,8,8,9,9,7,8,8,1,1,8,8,8,2,37,f,3,NA,180,5,NA,1,NA,NA,8,8,7.3076923076923075,9,8.5,8.692307692307692
6/7/2018 13:53,6/7/2018 14:05,0,100,716,1,6/7/2018 14:05,R_1Dx82TPMvmy30oc,anonymous,EN,596e9d19136b0000014cb210,0,0,0,0,4,0,0,0,0,0,8,8,8,8,8,8,8,8,8,8,8,0,8,8,8,5,8,8,6,7,7,7,7,3,6,6,7,2,7,6,7,1,6,3,7,7,7,8,8,0,0,8,8,8,2,2,2,3,4,0,2,2,3,3,7,7,7,6,6,7,7,6,5,6,6,6,8,5,7,7,8,5,2,2,6,2,4,5,4,NA,She has put a lot of effort into the relationship as we've been going through a really rough time. weve both been struggling greatly.,Intangible,everyday,7,9,10,8,9,9,7,8,9,9,3,1,6,5,9,8,7,7,9,8,8,8,8,4,4,4,4,6,5,5,3,3,3,3,3,3,2,2,2,2,8,7,7,7,7,8,8,9,8,8,8,1,6,7,7,7,7,7,4,3,4,4,8,7,7,2,female,20,3,NA,25,3,NA,1,NA,NA,5.8,5.8,6.384615384615385,6.6,6.875,6.769230769230769
6/7/2018 13:49,6/7/2018 14:06,0,100,1017,1,6/7/2018 14:06,R_3DpTekngTlrn29z,anonymous,EN,5aa045f3777df20001603d15,7,4,4,7,7,7,6,8,7,7,4,8,6,4,8,7,8,8,6,8,7,0,8,4,7,8,8,4,4,5,5,7,6,3,3,3,7,4,7,5,3,6,3,6,7,5,7,8,8,0,0,8,8,8,7,7,7,7,6,6,6,6,5,2,7,8,8,4,8,8,8,6,8,8,7,0,8,7,5,8,6,5,8,8,0,0,8,8,8,NA,Nothing but in past we hve taken out joint loan,Intangible,10,10,10,10,10,10,9,9,9,9,9,8,1,9,9,8,9,9,9,8,9,8,4,8,9,9,1,1,9,9,9,8,8,9,8,8,6,7,6,8,8,9,9,9,8,8,9,9,9,9,9,8,1,9,8,8,9,9,9,9,9,1,1,9,9,9,2,Female,26,3,NA,48,5,NA,1,NA,NA,6,6,6.461538461538462,7.4,8.75,8.23076923076923
6/7/2018 13:50,6/7/2018 14:07,0,100,995,1,6/7/2018 14:07,R_2ypSDQnijobAxm6,anonymous,EN,5a7871aeb093f80001a75e5c,7,6,6,7,7,3,0,4,0,2,8,8,8,4,4,8,8,8,5,8,7,8,8,6,8,4,6,8,3,4,4,2,5,3,3,7,4,3,3,7,2,5,2,6,3,7,4,8,8,0,0,8,8,8,6,8,7,7,8,4,3,4,3,2,8,8,8,2,8,8,8,8,8,8,5,8,8,5,8,8,2,8,8,8,0,0,7,8,8,"A new carpet, - This was something we have been wanting for the past few years and if felt such a relief after we finally had it, its improved one of our rooms 10 fold",NA,Tangible,7,9,9,6,1,9,9,9,9,9,5,9,9,9,6,9,6,3,9,9,8,9,1,7,9,9,1,1,8,9,9,8,7,8,8,8,2,2,4,2,4,9,9,9,1,9,9,9,9,9,1,9,9,9,6,8,6,7,9,9,9,1,1,8,8,8,2,Female,27,3,NA,132,6,Cohabiting,1,NA,NA,6.6,6.6,7.076923076923077,7.6,7.875,7.769230769230769
6/7/2018 13:51,6/7/2018 14:08,0,100,1049,1,6/7/2018 14:08,R_2QRl2RW2epamV8z,anonymous,EN,5a54dfa38e62590001759cc9,7,6,6,7,5,3,2,2,2,3,3,2,5,0,5,5,5,4,6,1,0,4,8,4,5,0,4,6,6,6,4,7,4,3,1,5,6,6,6,4,4,4,2,3,4,4,6,7,7,6,0,5,6,6,6,7,7,7,4,6,5,5,5,7,6,6,7,2,7,6,6,7,4,0,4,8,8,6,7,0,7,6,8,7,4,0,5,6,7,"As I don’t work we don’t have a tangible investment as such, he brought a family car but it’s my name on the log book. I felt very happy and looked after and thought about when this happened",NA,Tangible,400,9,9,9,6,9,9,8,8,6,1,6,7,9,6,9,1,8,7,8,6,8,3,7,7,7,4,1,7,7,7,8,9,7,7,6,5,5,3,3,4,4,6,5,2,6,7,7,7,2,1,5,9,9,6,7,1,6,8,8,8,2,1,8,8,8,2,Female,34,5,White,10.5 years,3,NA,1,NA,NA,3.8,3.8,5.3076923076923075,4.8,7.625,6.538461538461538
6/7/2018 13:43,6/7/2018 14:10,0,100,1645,1,6/7/2018 14:10,R_piL9oZQL7mqS6o9,anonymous,EN,5aead5afb595b20001421ec3,7,7,6,7,7,4,1,6,1,4,5,6,7,0,5,8,7,7,3,0,4,8,0,4,6,0,7,8,3,6,4,5,4,3,2,6,3,6,2,6,3,5,1,5,4,6,2,8,8,2,2,7,7,6,6,7,4,5,6,4,7,6,5,6,7,4,7,0,7,7,6,7,4,0,2,6,0,5,7,0,5,7,7,7,5,3,6,7,8,NA,"She has invested her thoughtfulness. We have both started new, but separate, full-time jobs recently and from work, she will text me something sweet or if she is on break she will send me something such as a tweet that reminds her of me. it makes me feel good on the inside and puts a smile on my face. My birthday is also coming up in a few weeks and she has mentioned she has something planned that I have wanted for a long time but not even I know what it could be.",Intangible,5,10,4,6,3,9,8,7,8,2,1,4,8,1,7,8,1,7,8,8,8,7,2,8,8,8,3,2,9,8,8,7,8,6,8,8,3,3,6,2,5,7,8,8,1,7,8,8,7,2,1,7,9,1,7,7,1,8,8,8,7,4,3,7,8,8,1,Male,18,4,NA,11,3,NA,1,NA,NA,2.2,2.2,4.3076923076923075,2.6,7.125,5.384615384615385
6/7/2018 14:06,6/7/2018 14:13,0,100,387,1,6/7/2018 14:13,R_290rwsRBqkbfPGY,anonymous,EN,594c7dcbecd509000182c8d0,1,0,6,8,5,7,7,0,6,8,3,4,1,0,8,7,5,8,2,6,8,5,1,7,8,5,4,1,3,3,4,2,4,3,5,4,4,5,6,6,3,1,6,2,6,2,1,7,7,1,0,8,7,7,0,2,4,2,2,3,2,2,0,7,8,3,0,6,2,2,8,1,1,1,8,7,2,0,7,4,3,8,7,8,1,1,8,7,8,My partner purchased me a iPhone last week. My current phone was broken and he replaced it for me. I felt very thankful to have him by my side.,NA,Tangible,8,7,8,7,10,8,9,8,8,1,6,8,5,9,2,6,8,8,3,7,5,4,6,4,3,6,7,9,1,5,3,1,5,5,3,6,5,5,2,8,9,4,2,8,8,2,9,4,2,8,5,1,6,4,3,7,1,5,4,8,1,7,3,3,7,3,2,Female,24,3,NA,36,3,NA,1,NA,NA,3.8,3.8,4,5.8,6.5,6.230769230769231
6/7/2018 13:56,6/7/2018 14:15,0,100,1178,1,6/7/2018 14:15,R_1Hif0ARuqCuT1Ev,anonymous,EN,594a9a512894240001dc22e0,8,7,8,7,8,1,2,1,0,1,7,6,8,6,7,8,8,8,6,5,8,4,7,8,8,5,7,8,1,3,7,5,6,3,2,7,5,7,3,7,2,7,2,7,3,7,4,8,8,0,0,8,8,8,8,5,8,6,8,2,2,2,2,6,7,7,8,7,8,8,8,8,3,2,8,4,7,7,8,4,7,8,7,8,2,0,8,7,8,NA,"My partner invested emotional support by encouraging me to work towards and finish my PhD thesis. It helped me a lot to feel like we were working towards this goal as a team, not just me by myself. It also helped me to feel that this is a valid and worthy goal, not just a selfish one.",Intangible,8,7,9,9,8,9,9,9,9,5,4,8,4,7,9,9,4,8,9,8,9,9,6,9,9,9,1,1,9,9,9,9,8,9,9,9,1,2,3,2,4,8,9,9,6,9,9,9,9,4,4,9,3,8,9,9,3,9,9,9,9,1,1,9,9,9,2,Female,27,3,NA,102,6,"Longterm exclusive partnership, not intending to get married",1,NA,NA,5.4,5.4,6.3076923076923075,4.8,8.75,7.230769230769231
6/7/2018 13:57,6/7/2018 14:16,0,100,1142,1,6/7/2018 14:16,R_sA27GlA2NrdE2wF,anonymous,EN,5ad07b06a010190001b35393,7,7,4,6,4,0,6,3,1,1,7,5,8,5,8,8,7,8,8,8,4,0,7,8,8,8,8,8,1,2,6,3,5,3,3,6,4,5,6,6,6,3,4,6,7,6,7,8,8,0,0,8,8,8,6,8,7,7,8,4,5,7,7,7,4,3,5,3,5,6,8,7,8,8,2,0,8,7,6,8,3,4,7,7,2,0,7,7,7,"Myself and my partner have been planning on having a baby for some time and as part of this we have bought a house to accomodate our family. This was a stressful and challenging time for our relationship and I feel if our relationship wasn't so strong we wouldn't have lasted. We are already very open about each others finances but buying a home together, you both have to know about everything. It could have been easy for us to blame each other when it came to being rejected for our first mortgage, my husband is a freelancer and I am on a low income, I have a small amount of credit card debt and my husband has a student overdraft. It brought us closer together, my husband earns more so he was able to save a little more but it was still our savings. When the mortgage was going to have to be solely in my name, it was still going to be our home. Luckily we were able to secure a mortgage with both of us.",NA,Tangible,200,10,8,10,8,9,9,8,8,9,9,5,1,9,9,7,9,9,9,9,6,8,6,9,9,9,1,5,8,9,8,9,8,8,8,9,6,7,3,3,2,9,8,8,4,7,9,9,8,9,9,8,1,9,9,8,9,9,8,9,9,2,1,8,9,9,2,Female,27,3,NA,97,5,NA,1,NA,NA,6.2,6.2,5.769230769230769,7.4,8,7.769230769230769
6/7/2018 13:56,6/7/2018 14:17,0,100,1253,1,6/7/2018 14:17,R_22zgWPFzAT6liWU,anonymous,EN,599f0d7e514a2200017e6732,7,6,4,4,4,2,1,5,1,2,8,6,6,2,4,8,8,8,8,8,6,8,8,6,8,8,6,5,2,2,7,1,6,3,1,6,1,5,1,6,1,6,4,7,2,7,1,8,7,0,0,8,8,8,7,7,6,8,7,2,2,3,2,2,8,8,8,6,7,8,8,8,8,8,8,8,8,8,8,8,6,6,8,8,0,0,8,8,8,NA,"Feeling safe. I am pregnant and had a scare, a few actually, and my husband was there for me. Reassuring me, taking me where I needed to go and staying calm throughout.",Intangible,10,9,9,9,2,9,9,9,9,9,9,9,9,9,9,9,9,7,9,9,7,9,7,9,9,9,1,1,9,9,9,8,8,7,9,8,2,2,4,2,2,9,7,9,8,9,9,9,9,9,9,9,9,9,9,9,9,7,7,9,9,1,1,9,9,9,2,Female,31,3,NA,85,5,NA,1,NA,NA,8,8,7.6923076923076925,9,8.75,8.846153846153847
6/7/2018 13:51,6/7/2018 14:17,0,100,1612,1,6/7/2018 14:18,R_3ESAMIemN63YSki,anonymous,EN,5a6614d363394a00015581a1,7,4,7,7,7,0,2,2,2,2,8,7,8,6,8,8,8,8,8,6,8,8,8,7,8,7,8,7,1,2,7,1,6,3,1,7,1,4,2,7,1,7,2,7,1,7,1,7,8,0,0,8,8,8,8,8,8,7,8,2,2,3,3,2,8,8,8,8,8,8,8,8,8,7,8,8,8,8,8,7,7,8,8,8,0,0,8,8,8,NA,"An intangible investment that my partner has made recently in our relationship would be when she talked with me when I had a bad day. She showed me personal attention as well as spent time trying to cheer me up about a week ago. My partner is a generous person emotionally who can really turn your day around for the better. This is something I consider an ""investment"" into me and our relationship. If it were to end, I would lose that feeling of being so close to her. Her investment is love and laughter. It makes me feel valued rather than ignored or isolated when I am struggling with a difficult day in life. I really appreciate gestures like this from my significant other. I do not expect her to stop her entire day to cheer me up so when she tries to make me laugh, I absolutely notice it. It makes a real difference to realize someone else takes any time out of their day to recognize how you may be feeling.",Intangible,7,1,9,6,2,9,9,9,9,9,8,8,9,9,9,9,9,9,9,9,9,9,7,9,9,9,1,1,9,9,9,9,9,8,9,9,1,4,4,2,1,9,9,9,8,9,9,9,9,9,9,9,9,9,9,9,9,9,9,9,9,1,9,9,9,9,2,Female,37,3,NA,10,3,NA,NA,NA,NA,7.4,7.4,7.769230769230769,8.8,8.875,8.846153846153847
6/7/2018 14:03,6/7/2018 14:20,0,100,1026,1,6/7/2018 14:20,R_3NJulexEbdsZaIk,anonymous,EN,59d418c3b37d52000122ece0@email.prolific.ac,8,7,8,8,7,1,0,3,0,2,8,8,8,7,8,8,8,7,8,8,8,7,8,6,8,8,7,8,1,2,6,2,7,3,2,7,2,7,4,7,2,7,2,7,5,7,5,8,8,0,0,8,8,8,7,7,7,8,7,0,0,2,2,0,7,8,8,7,7,7,8,5,8,8,7,6,8,6,7,8,6,7,8,8,0,0,8,8,8,NA,My husband has surmised me with a trip awayinthe summer which made me feel very lucky and loved,Intangible,12,3,2,4,1,9,8,9,7,9,9,9,9,9,7,8,9,7,8,9,9,8,9,8,9,9,1,1,9,9,9,9,9,8,9,8,1,8,1,1,2,9,9,9,8,9,9,9,8,9,9,9,9,9,7,9,9,9,8,9,9,1,1,9,9,9,2,Female,36,3,NA,12,5,NA,1,NA,NA,7.8,7.8,7,9,7.875,8.307692307692308
6/7/2018 14:02,6/7/2018 14:21,0,100,1163,1,6/7/2018 14:21,R_3KVNuryOkwl8LNW,anonymous,EN,5748814f7fd0ec000fb6e5bf,5,3,3,3,2,1,1,1,2,2,4,1,4,0,4,5,4,5,1,0,1,8,0,2,4,0,5,4,2,3,4,3,4,3,4,4,2,3,2,5,2,5,3,5,2,3,2,4,4,3,0,4,3,3,4,2,2,3,0,0,2,0,2,4,3,3,4,2,4,5,5,3,1,0,3,8,0,4,5,0,4,7,5,4,1,0,4,5,5,NA,I am not sure if there is anything he invested in besides his rv and football tickets over the past 2 week. I guess the football tickets would decline because if we broke up he would have no one to go with. I feel numb about the situation. I wouldn't be sad if I couldn't go to the football game. I like them but I can just as easily see them play on tv.,Intangible,7,7,6,6,2,3,6,5,4,2,1,1,9,1,4,6,1,5,6,4,4,6,2,5,4,5,6,1,4,5,5,5,4,3,5,1,2,1,1,2,1,4,4,5,2,5,5,6,6,2,1,1,9,1,4,5,1,6,4,4,5,6,1,4,4,5,2,female,42,3,NA,96,5,NA,1,NA,NA,1.8,1.8,3.4615384615384617,2.8,4.625,3.923076923076923
6/7/2018 14:02,6/7/2018 14:22,0,100,1209,1,6/7/2018 14:22,R_6rr3Aiqw9ybhBzH,anonymous,EN,559d4718fdf99b13ca1d80dc,8,7,7,8,8,0,0,1,0,1,8,7,8,6,4,8,8,8,8,8,8,8,8,8,8,8,7,7,1,1,6,1,7,3,1,6,1,7,2,6,1,7,1,7,2,7,2,8,8,0,0,8,8,8,8,8,8,8,8,0,0,0,0,0,8,8,8,7,7,8,8,8,8,8,7,8,8,8,8,8,8,7,8,8,0,0,8,8,8,"My partner bought a car for our son, who will be going off to college soon. It is technically ours together, since I contribute financially as well, but it is only in my partner's name, since he is the one who went to the credit union and took out the loan on a day I was unable to join him.

I suppose if our relationship ended, I would have no claim to that car, but until doing this study, I never even thought about it. I trust my partner completely, I expect our relationship to last until the end of our lives, and buying this car was a logical step in running our household with a kid who will need to get himself to school every day.",NA,Tangible,12,9,8,2,10,9,9,9,9,9,9,8,9,9,9,9,9,9,8,9,9,9,8,9,9,9,1,1,9,9,9,9,8,9,9,9,1,1,1,1,1,9,9,9,8,8,9,9,9,9,9,8,9,9,9,9,9,8,8,9,9,1,1,9,9,9,2,Female,47,3,NA,265,5,NA,1,NA,NA,8,8,7.846153846153846,9,8.75,8.846153846153847
6/7/2018 14:04,6/7/2018 14:22,0,100,1105,1,6/7/2018 14:22,R_tRj6beSoVEeINR7,anonymous,EN,580b8f5b3161da0001cb80a9,6,5,5,5,6,2,1,1,2,1,7,7,7,7,6,8,8,6,7,7,7,7,1,5,7,1,6,5,5,2,3,5,5,3,3,5,4,5,5,5,4,5,2,6,4,6,5,8,8,0,0,8,8,8,5,5,5,6,5,3,2,4,5,4,7,7,7,7,7,7,7,5,6,6,6,5,1,6,7,2,7,5,8,8,0,0,8,8,8,An expensive holiday,NA,Tangible,7,8,7,8,8,8,8,8,6,8,7,7,6,2,7,8,3,7,6,8,8,8,8,8,9,9,1,1,9,9,9,6,6,6,6,7,3,3,2,3,2,9,9,9,8,8,9,9,6,8,7,7,7,2,7,8,3,8,7,9,9,1,1,9,9,9,2,Female,57,3,NA,504,5,NA,1,NA,NA,4.6,4.6,5.384615384615385,5.2,7.125,6.384615384615385
6/7/2018 14:09,6/7/2018 14:22,0,100,805,1,6/7/2018 14:22,R_ymv1sxf437Jn3yx,anonymous,EN,5a8f4907b093f80001a83cbe,8,6,6,8,8,3,5,6,5,1,2,6,8,1,5,7,7,8,1,0,5,0,0,7,7,0,5,7,2,2,6,5,6,3,1,7,3,5,4,6,3,6,2,7,4,7,6,8,8,0,1,7,8,8,6,6,7,7,7,5,6,6,3,7,7,6,6,2,7,6,6,7,0,0,2,0,0,5,6,0,4,6,7,7,0,0,7,7,7,We have rented a place together and started living together just for a couple of months before I move out of town for work. This has made me feel closer to him and allowed me to understand him more. I was able to spend more time with him.,NA,Tangible,300,7,6,6,8,9,8,7,8,1,1,3,1,1,7,8,1,7,8,5,6,7,2,8,9,9,1,1,8,9,9,9,7,8,9,8,4,6,4,4,2,7,8,8,2,9,8,8,9,1,1,6,1,1,7,8,1,8,8,8,8,1,1,8,8,9,2,Female,22,5,Asian,18,3,NA,1,NA,NA,0.2,0.2,3.230769230769231,1,7,4.6923076923076925
6/7/2018 14:19,6/7/2018 14:23,0,100,274,1,6/7/2018 14:23,R_svSGonfS4ZnrjBD,anonymous,EN,589dc7d17cf56d0001f9158e,8,8,8,8,8,0,0,0,0,0,4,3,5,4,5,6,5,7,7,8,8,0,0,8,8,0,8,7,4,5,4,4,4,3,3,5,4,3,4,5,4,3,5,6,5,5,4,8,8,0,0,7,5,7,8,7,7,6,8,0,6,2,5,3,7,6,5,2,2,8,7,7,3,0,5,0,0,5,6,0,5,6,5,5,0,1,6,6,5,NA,Time dedicated - long distance so lots of time spent on trains travelling to visit,Intangible,7,10,9,9,9,9,8,8,8,6,1,7,6,6,5,6,8,6,6,9,7,8,5,7,8,8,3,7,7,7,4,8,7,6,7,6,4,6,3,4,4,6,5,7,4,5,8,6,5,5,7,8,1,6,4,5,1,6,5,7,7,2,4,6,7,6,2,female,22,3,NA,50,3,NA,1,NA,NA,3,3,4,5.4,6.75,6.230769230769231
6/7/2018 14:08,6/7/2018 14:23,0,100,933,1,6/7/2018 14:23,R_27jUfZ0FIqAO8b9,anonymous,EN,5b0f27321e55760001b9a8a5,6,4,3,6,4,0,2,1,1,1,7,7,7,3,5,7,7,7,5,8,4,0,8,7,7,8,5,6,2,5,5,5,4,3,2,5,5,3,5,5,6,4,3,5,5,5,6,8,8,0,0,7,8,8,2,4,3,4,2,4,4,4,4,4,3,5,5,2,3,3,4,3,6,8,3,0,8,3,3,8,6,3,8,8,2,0,6,7,7,NA,"My partner hugged me after a close friends baby was poorly and I felt emotional about it, he made me feel safe and protected
",Intangible,8,7,6,7,8,9,4,5,4,7,9,4,1,9,4,4,9,6,6,4,6,4,4,4,9,9,1,1,8,9,9,7,7,4,6,4,3,2,2,2,2,8,6,7,4,6,7,7,7,8,9,4,1,9,6,7,9,6,7,9,9,1,1,8,9,9,2,Female,38,3,NA,102 months,4,NA,1,NA,NA,5.8,5.8,4.461538461538462,7,4.625,5.538461538461538
6/7/2018 14:15,6/7/2018 14:24,0,100,516,1,6/7/2018 14:24,R_2e9lII9IoHerNiJ,anonymous,EN,59b6734c7547b100012d6c76,4,4,3,4,4,4,3,1,4,4,4,4,4,4,4,4,4,4,4,4,4,1,4,3,4,4,4,4,7,7,7,5,7,3,1,7,7,7,7,6,7,7,7,7,7,7,7,4,4,0,0,4,4,4,4,4,4,4,4,4,4,8,4,4,4,4,8,4,4,4,4,4,4,4,4,3,8,8,8,8,8,5,8,8,8,8,8,8,8,NA,"We have recently taken out a joint loan to pay for a new car, I do sometimes get worried that if we were to seperate that I would be left paying off the rest of the loan but I also feel happy that we now have a proper family car that isn’t going to break down",Intangible,6,1,10,6,7,9,9,9,9,9,9,9,9,9,9,9,9,9,9,9,9,9,9,9,9,9,1,1,9,9,9,9,9,9,9,9,9,9,9,9,9,9,7,9,3,9,9,9,9,9,9,9,2,8,7,8,8,9,9,9,9,1,1,9,9,9,2,Female,27,3,NA,52,4,NA,1,NA,NA,3.4,3.4,5.538461538461538,9,9,9
6/7/2018 13:56,6/7/2018 14:24,0,100,1657,1,6/7/2018 14:24,R_3ELciHEtdK7Duff,anonymous,EN,5a3eb4107aebf7000115288e,8,8,8,8,8,1,0,8,1,1,6,5,7,5,6,7,7,8,8,8,7,7,8,6,8,8,2,6,2,2,7,2,7,3,2,7,2,4,2,7,2,6,2,7,2,7,2,8,8,0,1,6,0,0,7,7,7,7,7,2,6,4,2,2,6,7,7,5,5,6,7,7,7,7,7,8,8,7,7,8,4,7,8,8,0,0,7,8,8,My partner sold his own house so we could buy our own home together as I did not want to move into his house. This demonstrated his commitment to me.,NA,Tangible,730,8,8,6,10,6,8,8,8,9,9,8,9,9,8,7,9,4,8,8,8,8,8,7,9,8,1,2,8,8,8,8,8,8,8,8,2,3,7,2,2,8,8,8,8,8,8,8,8,8,8,8,8,8,8,8,8,7,8,8,8,2,2,8,8,8,2,Female,41,3,NA,120,5,NA,1,NA,NA,7.8,7.8,6.923076923076923,9,7.375,8
6/7/2018 14:04,6/7/2018 14:25,0,100,1285,1,6/7/2018 14:25,R_33rO7Zyeg329hkm,anonymous,EN,5ac674779534ba0001c75234,7,7,7,7,7,0,4,6,3,2,7,7,7,3,6,8,8,8,8,0,2,6,0,8,8,0,4,8,4,5,7,2,5,3,2,7,5,5,5,7,4,5,2,7,6,7,6,8,8,0,0,8,8,8,6,7,7,7,6,0,3,3,2,3,8,8,8,2,8,8,8,8,8,0,1,4,0,8,8,0,7,8,8,8,1,0,8,8,8,NA,"We currently live together in Los Angeles (we are both from Canada) I don't have a green card so I need to go back to Canada in September. I was feeling stressed about my living situation and how expensive it is to find an apartment in Toronto for only a few months so he spoke with his parents about allowing me to move in with them. I am not sure if this is what you're looking for...but I feel like he took a risk for me and sort of took all the pressure off me. Living with his parents will add a new level to our relationship, I think it will get stronger and I will build a deeper bond with them which would make it so difficult if we ever break up.",Intangible,12,8,8,8,9,9,9,9,9,8,1,2,6,1,8,9,1,9,9,9,9,9,2,8,9,9,1,1,9,9,9,9,8,8,8,8,2,2,6,2,5,9,9,9,3,8,9,9,9,6,1,2,5,1,9,9,1,7,9,9,9,1,1,9,9,9,2,Female,26,3,NA,18,3,NA,1,NA,NA,2.8,2.8,5.230769230769231,3.4,8,6.230769230769231
6/7/2018 14:09,6/7/2018 14:25,0,100,978,1,6/7/2018 14:25,R_2ZBmIbIMN2k7Utv,anonymous,EN,5ac3f33f0527ba0001c209d6,6,4,5,5,6,0,0,0,0,0,5,6,8,6,7,8,8,8,8,8,5,0,8,6,8,8,8,8,1,7,7,7,7,3,1,7,7,7,7,7,7,7,1,7,7,7,7,8,8,0,0,8,8,8,6,7,6,7,7,0,0,0,0,0,6,6,5,5,6,5,6,6,7,8,5,0,8,5,5,8,8,7,8,8,0,0,5,8,8,NA,"emotional investments, he has opened up more about his fears and worries within the past two weeks as events have arisen. this has made me feel more satisfied knowing he can tell me things and i can offer advice where needed.",Intangible,7,7,4,6,3,9,6,7,7,8,9,7,1,9,6,7,9,9,8,9,7,9,6,9,9,9,1,1,9,9,9,7,7,6,8,7,1,1,1,1,1,8,7,9,7,7,8,7,8,8,9,7,1,9,6,9,9,7,7,9,9,1,1,9,9,9,2,Female,23,3,NA,72,4,NA,1,NA,NA,6.4,6.4,6,7.2,7.125,7.153846153846154
6/7/2018 14:12,6/7/2018 14:25,0,100,797,1,6/7/2018 14:25,R_2TB4FIDUydimwwz,anonymous,EN,584ec5d84e111700010b18a1,7,8,7,7,8,0,0,1,1,2,8,8,8,8,8,8,8,8,8,8,7,0,8,8,8,8,6,7,2,2,6,3,7,3,1,7,2,7,1,7,1,7,2,7,2,7,6,8,8,0,0,8,8,8,8,8,8,8,8,0,0,0,2,2,8,8,8,8,8,8,8,8,8,8,8,0,8,8,8,8,8,8,8,8,0,0,8,8,8,NA,"My partner has made an intangible investment in our relationship in the form of quality time. I am currently pregnant with his child and although he does not want to go to prenatal classes, he has made a point of coming to the weekly 2-hour classes with me (2 so far). This has made me feel like he really values our relationship, our family, and our future very highly. Despite his very busy schedule (full-time work, part-time school), he is committing to doing something that is of value to me more than to him.",Intangible,10,7,9,9,4,9,9,9,9,9,9,8,1,9,8,9,9,9,9,9,9,9,9,9,9,9,1,1,9,9,9,9,9,8,9,9,1,2,1,2,1,9,9,9,9,9,9,9,9,9,9,8,1,9,9,9,9,8,9,9,9,1,1,9,9,9,2,F,29,3,NA,124,5,NA,1,NA,NA,6.4,6.4,7.384615384615385,7.4,8.75,8.23076923076923
6/7/2018 14:21,6/7/2018 14:27,0,100,343,1,6/7/2018 14:27,R_2TsM68a7lBKXseX,anonymous,EN,5896d5a491be610001bfed3d,8,8,8,8,8,8,3,1,1,0,8,8,8,8,8,8,8,8,8,8,8,8,8,8,8,8,8,8,1,1,7,1,7,3,1,7,1,7,2,7,1,7,1,7,3,7,2,8,8,0,0,8,8,8,8,8,8,8,8,0,0,0,0,0,8,8,8,8,8,8,8,8,8,8,8,8,8,8,8,8,8,8,8,8,0,0,8,8,8,NA,"There was no intangible investment, other than love.",Intangible,6,9,9,9,1,9,9,9,9,9,9,9,9,9,9,9,9,9,9,9,9,9,9,9,9,9,1,1,9,9,9,9,9,9,9,9,1,1,1,1,1,9,9,9,9,9,9,9,9,9,9,9,9,9,9,9,9,9,9,9,9,1,1,9,9,9,1,male,31,3,NA,48,5,NA,1,NA,NA,8,8,8,9,9,9
6/7/2018 14:14,6/7/2018 14:32,0,100,1064,1,6/7/2018 14:32,R_1ITuSbtHdyYfdnc,anonymous,EN,5a1b46977542890001aa7ff2,2,2,1,0,1,6,8,8,8,8,4,2,6,0,8,8,8,8,NA,8,6,0,8,0,8,8,8,0,1,7,4,1,1,3,1,4,4,7,4,1,1,1,1,5,1,1,4,8,4,4,0,0,2,0,4,4,2,5,4,4,4,0,4,0,8,4,0,0,0,2,5,0,4,8,0,0,8,8,2,8,0,4,6,6,0,0,4,4,4,"Our caravan. I feel this gives our family holidays and memories, which will be lost if we were to part.",NA,Tangible,12,10,10,9,9,10,3,9,1,9,9,3,1,9,9,3,9,2,5,3,5,3,1,3,5,5,1,1,1,5,5,5,5,3,6,5,5,5,1,4,1,3,6,3,1,3,9,9,9,7,9,3,1,9,1,9,9,9,3,5,5,1,1,7,5,7,2,Female,39,3,NA,19,5,NA,1,NA,NA,6,6,3.769230769230769,7.4,4.375,5.538461538461538
6/7/2018 14:20,6/7/2018 14:32,0,100,728,1,6/7/2018 14:32,R_1rlbZQgNEAxlL8z,anonymous,EN,5a11e6eb30ad7f0001b6ca86,8,8,8,8,7,0,0,2,0,2,8,8,8,4,8,8,8,8,8,0,8,8,8,8,8,0,8,8,1,2,7,2,7,3,1,7,2,4,4,6,3,7,2,7,2,7,4,8,8,0,0,8,8,8,8,8,8,8,8,0,0,0,0,0,8,8,8,8,8,8,8,8,8,0,8,8,0,8,8,0,8,8,8,8,0,0,8,8,8,NA,"My husband puts basically every bit of himself that isn't helping him live back into me. I've been going through a hard mental state lately, and any time I need even the smallest thing to get by or feel better he has it for me, tangibly and intangibly. I will always have my doubts and he will always have his but I never truly doubt his love for me because of the way he reassures me. Little unimportant things.",Intangible,1,9,9,NA,10,9,9,9,9,9,1,9,9,1,9,9,1,9,9,9,9,9,5,9,9,9,1,1,9,9,9,9,9,9,9,9,1,1,2,2,2,9,9,9,5,9,9,9,9,9,1,9,9,1,9,9,1,9,9,9,9,1,1,9,9,9,2,Genderqueer,26,3,NA,96,5,NA,1,NA,NA,4.8,4.8,6.153846153846154,4.2,9,7.153846153846154
6/7/2018 14:17,6/7/2018 14:32,0,100,926,1,6/7/2018 14:32,R_1LIEfmT1UIjbgnp,anonymous,EN,3aad0048,3,4,3,3,4,0,1,3,0,0,3,3,4,0,3,4,4,4,4,4,4,4,4,4,4,0,4,4,1,4,7,3,7,3,1,7,3,1,2,7,5,7,1,7,4,7,7,4,4,0,0,4,4,4,3,5,5,6,4,0,4,8,8,8,4,4,3,0,5,5,6,0,8,8,6,8,8,6,4,0,0,5,5,6,1,1,5,4,2,NA,My partner has listened to something I have been upset about which doesn't happen very often. This made me feel respected.,Intangible,5,1,1,7,9,9,5,6,1,9,9,5,9,9,6,5,1,1,6,5,5,6,1,5,9,9,1,1,8,9,9,8,8,6,8,9,1,1,6,1,3,8,7,8,1,7,6,7,8,9,9,8,9,9,6,5,1,6,7,6,7,5,1,7,7,7,2,Female,27,NA,NA,60,5,NA,1,NA,NA,3.2,3.2,4.923076923076923,7.4,4.375,5.538461538461538
6/7/2018 14:21,6/7/2018 14:33,0,100,692,1,6/7/2018 14:33,R_3hcKMKw2TSpVyH1,anonymous,EN,5977c17d1a800200011cdb9c,6,6,4,7,6,4,6,6,5,6,8,8,8,8,8,8,8,8,8,8,8,4,8,8,8,8,8,8,3,3,6,5,5,3,1,5,5,5,5,6,5,5,4,5,5,6,5,8,8,0,0,8,8,8,8,8,8,8,6,8,8,8,8,8,8,8,8,8,8,8,8,8,8,8,8,4,8,8,8,8,8,8,8,8,0,0,8,8,8,NA,My partner and I spent some time together away. we were both much more relaxed and closer to each other. We both felt a lot happier about our relationship and the connection we had as we felt we had improved it.,Intangible,10,8,8,8,3,7,9,9,9,9,9,9,9,9,9,9,9,9,9,9,9,9,9,9,9,9,1,9,9,9,9,9,9,9,9,9,9,9,7,7,9,9,9,9,9,9,9,9,9,9,9,9,6,9,9,9,9,9,9,9,9,1,1,9,9,9,2,NA,27,3,NA,36,5,NA,1,NA,NA,7.2,7.2,7.6923076923076925,9,9,9
6/7/2018 14:22,6/7/2018 14:34,0,100,728,1,6/7/2018 14:34,R_PRpvZe2st0pqsRr,anonymous,EN,56c79f6cc41c43000c0886b0,8,7,7,7,7,1,1,1,1,1,8,8,8,8,8,8,8,8,8,8,7,7,7,7,8,6,8,8,1,1,7,1,7,3,1,7,1,7,1,7,1,7,1,7,1,7,1,8,8,0,0,8,8,8,8,8,8,8,8,0,0,0,0,0,8,8,8,8,8,8,8,8,8,6,7,7,7,8,8,8,8,8,8,8,0,0,8,8,8,"My partner and I recently went out to buy a new air conditioner. We had a certain brand in mind and BTU of the window unit. To our delight, we found a way more powerful model for only seventy dollars more. We got it home and it has performed wonderfully.",NA,Tangible,7,9,9,9,2,9,9,9,9,9,7,8,8,8,9,9,8,9,9,9,9,9,9,9,9,9,1,1,9,9,9,9,9,9,9,9,1,1,1,1,1,9,9,9,9,9,9,9,9,8,8,9,9,9,9,9,8,9,9,9,9,1,1,9,9,9,1,male,32,3,NA,24,4,NA,1,NA,NA,7.2,7.2,7.615384615384615,8,8.875,8.538461538461538
6/7/2018 14:19,6/7/2018 14:35,0,100,961,1,6/7/2018 14:35,R_3KQ2AlJXdk0FvOH,anonymous,EN,577e3a5025cb71000128727e,7,6,7,7,7,2,2,5,1,3,7,7,7,6,6,7,7,7,7,7,4,8,8,7,7,8,7,7,6,2,6,2,6,3,2,5,2,4,2,5,2,6,3,6,4,6,4,7,8,0,0,7,7,7,7,7,7,7,7,2,2,2,2,NA,7,7,7,3,7,8,8,7,8,8,5,8,8,6,7,8,7,7,8,8,1,0,7,8,8,"we have built a no dig vegetable bed together recently and have planted
various vegetables. my partner has cared for weeded and watered these vegetables",NA,Tangible,7,6,4,8,7,8,9,9,8,9,9,7,9,9,8,8,9,8,8,9,7,9,7,8,9,9,1,1,9,9,9,8,8,8,8,8,2,8,5,1,2,9,9,9,7,8,8,8,8,9,9,7,9,9,8,8,9,8,8,8,8,1,1,8,8,8,2,female,58,3,NA,336,5,NA,1,NA,NA,7.6,7.6,7.3076923076923075,9,8.125,8.461538461538462
6/7/2018 14:23,6/7/2018 14:35,0,100,686,1,6/7/2018 14:35,R_2En8zxTftdJ1Ed5,anonymous,EN,5a5fd2c7e0cf3d000126cee3,5,5,4,4,3,4,4,4,4,4,6,7,6,4,5,7,7,7,7,7,5,8,7,5,7,8,7,7,2,3,5,3,5,3,2,6,5,2,6,5,5,3,5,5,6,5,6,7,7,1,1,7,7,7,4,4,4,5,2,4,4,6,4,7,6,7,7,5,6,7,8,8,8,8,7,8,7,7,6,8,6,6,6,6,2,2,6,6,7,NA,"My partner and myself are involved in a costume group raising money for charity, he has been talking about getting me my own costume which means he would have to spend a lot of time and money on doing this for me",Intangible,7,8,8,8,4,8,9,8,8,8,8,8,9,8,8,8,8,8,8,8,8,8,6,8,8,8,2,2,8,8,8,5,5,4,5,2,4,4,5,5,6,8,8,8,4,7,8,8,8,8,8,8,9,8,8,8,8,8,8,8,8,2,2,8,8,8,2,NA,45,3,NA,276,5,NA,1,NA,NA,7.4,7.4,7.230769230769231,8.2,8.125,8.153846153846153
6/7/2018 14:18,6/7/2018 14:35,0,100,1015,1,6/7/2018 14:35,R_30tWi1hQSD2TN2N,anonymous,EN,56600d6cc9217c000c50bed1,8,8,8,8,8,4,0,3,3,0,4,5,5,0,4,8,8,7,1,0,1,0,0,8,4,0,2,8,1,4,4,3,6,3,1,7,3,4,4,7,4,1,2,7,3,6,6,8,8,0,0,8,8,8,8,8,8,8,8,3,7,7,3,0,6,6,6,0,7,8,8,8,0,0,0,0,0,8,7,0,7,8,8,8,0,0,8,8,8,NA,"My partner and I call, text, and talk a lot in real life because we love each others' minds. We have become active best friends in each others' lives, so if the relationship were to end, we'd lose an active best friend that we can talk to any time.",Intangible,1,10,8,8,9,9,9,8,8,1,1,1,1,1,9,8,1,7,9,8,8,8,1,6,9,9,1,1,9,9,9,9,9,9,9,9,2,7,8,3,1,7,7,8,1,7,8,8,8,1,1,1,1,1,9,7,1,5,9,9,9,1,1,9,9,9,2,Female,21,2,NA,3,3,NA,1,NA,NA,0.2,0.2,4.153846153846154,1,7.375,4.923076923076923
6/7/2018 14:18,6/7/2018 14:36,0,100,1086,1,6/7/2018 14:36,R_1IKPwYdlwSgwoDF,anonymous,EN,5ab2706b0527ba0001c150d6,6,6,6,6,7,1,8,8,6,6,6,4,5,0,4,6,7,7,8,8,0,0,8,6,6,8,5,6,1,4,6,6,7,3,3,7,4,5,4,7,5,6,4,7,5,5,5,8,8,0,1,6,7,7,7,6,7,8,6,5,6,7,7,7,5,2,5,0,5,5,6,5,8,8,5,0,8,6,4,8,5,6,8,8,1,0,5,8,8,My partner has placed a deposit down on an item that was costly. There were no real feelings there as my partner usually does this (i.e. pays for holidays etc).,NA,Tangible,2,9,8,9,7,9,6,6,6,9,9,5,1,9,6,6,9,6,7,5,7,6,1,6,9,9,2,1,6,8,8,8,7,7,8,8,2,9,3,9,7,6,7,7,1,7,8,8,8,9,9,3,1,9,5,7,9,7,7,9,9,1,1,7,9,9,2,Female,33,3,NA,126,4,NA,1,NA,NA,6.4,6.4,5.6923076923076925,7.4,6,6.538461538461538
6/7/2018 14:19,6/7/2018 14:36,0,100,1035,1,6/7/2018 14:36,R_3gTTrxsfZLFw8AV,anonymous,EN,59f873de07e3780001ccd6e4,4,3,4,5,2,6,1,2,2,1,7,7,7,4,5,7,7,8,6,8,6,0,8,2,7,0,6,8,4,2,6,1,6,3,4,5,2,3,4,5,4,4,2,5,4,6,5,7,7,0,0,8,8,7,5,5,5,4,6,2,2,4,3,3,8,7,7,4,7,8,8,7,6,8,5,0,8,4,8,0,7,6,8,8,0,0,7,8,7,NA,"My partner listened to a major problem I was having in my life. I was very reluctant to talk about it but my partner made me feel comfortable enough to share private thoughts. I had doubted my current employment for some time, and the chat with my partner made me realize I should seek other employment. My partner made me feel important and special and I really appreciated what she did for me .",Intangible,8,8,9,9,8,9,9,8,7,7,9,7,1,9,6,9,1,7,7,8,7,8,5,7,8,9,1,1,9,9,8,6,6,7,7,4,5,2,2,2,3,8,6,7,5,8,8,8,8,7,9,7,1,9,5,8,1,8,6,8,8,1,1,8,9,9,1,Male,37,3,NA,129,5,NA,1,NA,NA,4.4,4.4,5.769230769230769,5.4,7.5,6.6923076923076925
6/7/2018 14:15,6/7/2018 14:36,0,100,1258,1,6/7/2018 14:36,R_1pnRzDE0y1xT9tr,anonymous,EN,5680383ac5767f000d1c7e77,3,1,1,3,0,0,4,6,4,3,6,0,7,0,7,8,7,6,1,0,3,0,0,0,8,0,8,5,5,7,2,6,7,3,2,2,4,2,7,3,7,4,3,3,6,6,7,6,8,2,0,4,5,5,7,6,6,7,7,0,3,2,2,2,6,5,7,0,7,8,8,8,0,0,2,0,0,1,8,0,8,6,8,8,0,0,8,6,7,NA,Leaving his home to go to rehab to work on our relationship which proves that he is committed to the relationship and wants it to work.,Intangible,4,6,10,6,2,9,9,9,9,1,1,3,1,1,2,9,1,8,6,9,2,8,1,9,7,7,2,1,6,8,7,4,3,3,5,4,1,3,5,5,4,8,1,7,1,7,9,8,7,1,1,2,1,1,2,8,1,8,7,6,7,3,1,6,7,6,2,Female,43,3,NA,69,5,NA,1,NA,NA,0.2,0.2,3.769230769230769,1,6.875,4.615384615384615
6/7/2018 14:23,6/7/2018 14:36,0,100,776,1,6/7/2018 14:36,R_2WuMwtAYqJYBVWG,anonymous,EN,5a8dfc968fe2dc0001065602,8,8,8,8,7,7,6,7,5,6,8,1,8,0,8,8,8,8,8,8,8,8,1,8,8,1,8,8,1,1,6,1,7,3,1,7,1,6,6,7,1,7,4,7,6,7,6,8,8,2,0,8,8,8,8,8,8,8,7,2,6,3,7,3,8,2,8,0,8,8,8,8,8,1,8,8,1,8,8,1,8,8,8,8,0,0,8,8,8,"We recently purchased a new vehicle which she did not want at all. But was able to compromise on something we both wanted (more what I wanted than her). 

I felt a little bad about it financially, but she reassured me that if I really wanted/needed it that she was okay with it.",NA,Tangible,13,9,9,9,7,8,9,9,9,9,2,9,9,2,9,9,2,9,9,9,1,9,2,9,9,9,1,1,9,9,9,9,9,9,9,9,7,6,7,8,6,9,2,9,2,9,9,9,9,9,2,9,9,2,9,9,2,9,9,9,9,1,1,9,9,9,1,Male,29,2,NA,60,6,Common-law,1,NA,NA,5.2,5.2,6.384615384615385,4.8,9,7.384615384615385
6/7/2018 14:22,6/7/2018 14:37,0,100,882,1,6/7/2018 14:37,R_RQT3e6WpCVmZoQh,anonymous,EN,5a69175331b87a0001c76149,8,5,7,8,8,0,7,6,0,4,4,4,8,1,7,8,8,8,0,1,0,0,0,1,8,0,8,7,1,2,7,4,7,3,2,7,4,7,3,7,1,7,1,7,5,6,5,8,8,0,0,8,8,8,8,5,7,8,8,0,0,4,0,4,4,2,8,2,8,8,8,8,0,0,0,0,0,7,8,0,8,7,8,8,1,0,8,8,8,Paid half of our holiday together. This made me feel very secure as it is a small gesture of how we are both willing to put away time and money to spend time together.,NA,Tangible,2,9,9,9,9,9,9,9,9,1,1,1,1,1,8,9,1,9,8,8,2,9,2,9,9,9,1,1,9,9,9,9,2,8,9,9,1,1,2,1,5,9,2,9,2,9,9,9,9,1,1,1,1,1,8,9,1,9,8,9,9,1,1,9,9,9,2,Female,21,3,NA,12,3,NA,1,NA,NA,0.2,0.2,4.153846153846154,1,7.75,5.153846153846154
6/7/2018 14:19,6/7/2018 14:37,0,100,1046,1,6/7/2018 14:37,R_29dhXWLfOPIUhvQ,anonymous,EN,5992b34da2bbe00001882f92,6,8,6,6,6,3,5,4,3,5,8,6,5,3,6,6,7,8,8,6,7,7,3,7,6,8,8,7,2,6,6,5,4,3,5,6,6,6,5,7,5,3,4,7,5,5,6,8,8,1,0,7,7,8,4,4,4,4,4,5,4,7,6,7,7,6,7,4,5,6,6,7,7,6,6,8,4,6,5,8,6,6,7,6,2,1,6,4,6,NA,An act of love was an investment my partner put into our relationship. We hadn't been able to spend much time together so he took me out for a meal so that we could spend time as a couple,Intangible,7,2,3,4,6,8,8,7,8,8,7,8,9,4,6,7,9,8,8,8,8,8,6,7,7,9,6,1,7,7,6,8,7,6,6,7,5,6,4,4,4,8,8,7,7,8,8,7,9,9,6,7,9,4,8,7,9,6,7,9,9,3,1,7,8,8,2,Female,30,3,NA,156,4,NA,1,NA,NA,6.4,6.4,6.230769230769231,7.4,7.5,7.461538461538462
6/7/2018 14:14,6/7/2018 14:37,0,100,1395,1,6/7/2018 14:37,R_xo70BUkkBGmwAPn,anonymous,EN,59d6a85db656e70001226111,6,6,6,6,7,3,6,5,5,8,7,7,7,0,4,7,8,8,8,8,3,0,1,0,7,8,7,8,1,5,7,5,7,3,1,7,5,7,4,7,2,7,1,7,4,7,4,8,8,0,0,8,8,8,5,8,6,8,6,3,2,7,3,7,7,7,7,0,6,7,8,8,8,8,0,0,7,4,7,8,5,5,8,8,0,0,8,8,8,NA,My partner has supported me through a shock family illness.  Although he works away he has called everyday 3 or 4 times a day checking I'm ok and also how the ill family member is.  He's sent supportive messages reminding me I'm strong,Intangible,7,8,6,8,9,9,9,9,9,9,9,4,1,9,6,9,9,7,6,9,8,9,1,6,9,9,1,1,9,9,9,7,7,8,8,7,1,4,8,4,8,9,7,9,1,6,9,9,9,9,9,3,2,9,9,9,9,9,7,9,9,1,1,9,9,9,2,Female,31,3,NA,48,4,NA,1,NA,NA,5,5,5.769230769230769,7.4,7.375,7.384615384615385
6/7/2018 14:26,6/7/2018 14:39,0,100,769,1,6/7/2018 14:39,R_3qJyUQ3ovVVELX7,anonymous,EN,5ad166eadfe710000183b127,8,8,8,8,8,0,0,4,3,0,4,8,8,1,1,8,8,8,8,8,2,8,0,8,8,8,0,8,1,1,1,1,7,3,1,7,1,1,1,7,3,5,4,7,3,7,5,8,8,0,0,8,8,8,8,8,8,8,8,0,0,0,2,0,8,8,8,0,8,8,8,8,8,8,3,8,0,8,8,8,2,8,8,8,0,0,8,8,8,"Within the last two weeks my partner and I have bought a home together.  This gives me a positive outlook on our future. I look at the home and see us raising our family, entertaining friends, and growing old together.",NA,Tangible,2,9,9,9,7,9,9,9,9,9,9,3,9,1,9,9,9,2,9,9,9,9,3,9,9,9,1,1,9,9,9,9,9,9,9,9,1,3,3,3,1,9,9,9,2,4,9,9,9,9,9,3,9,1,9,9,9,2,9,9,9,1,1,9,9,9,2,Female,23,3,NA,13,4,NA,1,NA,NA,6.4,6.4,6.538461538461538,7.4,7.375,7.384615384615385
6/7/2018 14:14,6/7/2018 14:39,0,100,1488,1,6/7/2018 14:39,R_210OsE8PbzHfZiG,anonymous,EN,5afdfb3a4256e90001d5c1db,7,1,3,7,7,2,4,1,3,4,6,2,2,1,1,3,3,7,1,1,1,4,1,1,2,1,1,7,2,2,7,1,6,3,1,7,1,1,1,6,1,7,NA,7,1,5,1,7,6,1,1,7,7,6,6,2,2,7,7,2,4,2,3,2,3,7,5,2,4,4,6,7,1,1,1,4,0,1,3,0,1,7,7,6,1,2,7,5,7,"My partner and I have our own homes but regularly stay at each others, we are talking about a new place together, this excites me but also scares me a little as I want to remain independent.",NA,Tangible,Approx 21 days,2,2,2,10,10,5,7,7,2,2,2,5,2,2,6,2,1,8,6,2,3,2,4,8,8,2,2,8,5,8,8,2,2,8,8,2,2,3,3,3,5,8,2,2,3,5,8,8,2,2,1,5,2,2,5,2,2,8,7,7,2,2,7,5,7,2,Hetrosexual,NA,3,NA,82,3,NA,1,NA,NA,1.6,1.6,2.769230769230769,2.6,4.75,3.923076923076923
6/7/2018 14:27,6/7/2018 14:40,0,100,732,1,6/7/2018 14:40,R_3pgrWTzTscGqVge,anonymous,EN,59d68eac8fd07a0001841f78,4,5,2,4,4,3,4,7,4,6,8,5,4,3,4,5,5,4,8,4,4,6,5,4,3,4,5,4,5,5,4,3,4,3,5,5,3,3,4,NA,3,3,4,5,4,5,4,7,6,4,1,4,4,4,5,4,NA,4,4,3,4,7,4,4,4,5,6,5,4,5,6,7,4,8,5,4,4,5,5,5,6,6,8,7,1,6,4,6,5,"I don't have anything within the past 2 weeks, we bought a hoover but that's nothing major. We share our house so if anything happened then that would be affected and would have to decide who lived in it and took the goods.",NA,Tangible,6 months,10,6,10,4,6,8,8,6,7,5,5,7,7,7,5,5,7,7,5,7,7,5,5,9,8,2,1,8,8,8,5,6,3,5,6,7,7,9,5,5,6,7,5,6,7,6,7,7,9,6,5,1,5,7,7,5,7,7,9,8,2,1,6,9,8,2,female,33,3,NA,10years,4,NA,1,NA,NA,5.4,5.4,5.384615384615385,6.2,6.625,6.461538461538462
6/7/2018 14:27,6/7/2018 14:40,0,100,769,1,6/7/2018 14:40,R_3n1JEURb6AJNB7N,anonymous,EN,5996cafd0ed7ae000199171d,8,4,5,8,8,0,2,5,0,3,8,6,7,8,4,6,4,4,6,6,0,0,0,8,4,0,0,8,4,3,7,1,6,3,1,7,1,3,3,7,6,6,5,7,5,7,4,8,8,0,0,8,8,8,8,4,2,8,7,0,0,0,0,0,8,8,6,6,6,8,8,8,8,8,0,0,0,8,8,0,2,8,8,8,0,0,8,8,8,We bought new wooden blinds for our home that were really expensive ...,NA,Tangible,6,9,9,9,2,9,NA,9,9,5,6,9,1,1,9,9,6,5,9,9,7,9,7,5,9,9,1,1,9,9,9,9,6,6,9,8,1,1,1,1,1,9,8,9,9,5,9,9,9,5,5,1,NA,1,9,9,1,5,9,9,9,1,1,9,9,9,2,Female,51,3,NA,96,5,NA,1,NA,NA,2.4,2.4,5.076923076923077,3.8,8.428571428571429,6.5
6/7/2018 14:29,6/7/2018 14:40,0,100,625,1,6/7/2018 14:40,R_p3LXzjW4u4POCOd,anonymous,EN,56f43221dc03a8000d98dbcd,4,4,3,4,4,4,3,3,4,3,8,6,8,3,5,8,7,7,3,0,4,0,0,0,8,0,6,6,3,1,5,1,5,3,3,4,2,5,3,3,2,2,5,5,2,5,3,8,8,8,0,8,8,8,4,4,4,4,4,3,3,3,3,4,4,4,4,2,7,5,5,5,1,0,5,0,0,1,6,0,6,6,8,8,2,0,8,8,8,My partner and I recently purchased a 2 person kayak together to spend some time out on the beach and lakes. This investment made me feel like we were committed to spending time together since the kayak requires 2 people to operate. We both split the cost 50/50 so I feel that we are both committed to the investment.,NA,Tangible,5,10,10,10,10,10,9,9,9,2,1,6,1,1,2,9,1,8,6,8,5,8,2,7,9,9,3,1,9,9,9,6,6,6,6,6,2,3,2,2,2,5,5,5,2,7,9,7,7,7,1,5,1,1,2,7,1,7,7,9,9,2,1,8,9,9,1,Male,21,2,NA,22,3,NA,2,14,NA,0.6,0.6,3.076923076923077,1.2,7.25,4.923076923076923
6/7/2018 14:32,6/7/2018 14:42,0,100,628,1,6/7/2018 14:42,R_2rrqopNpiCYqsdu,anonymous,EN,595fd893a670a10001941bf9,7,8,8,8,8,0,0,2,1,0,8,8,8,5,6,8,8,8,8,8,6,8,6,8,8,6,6,8,5,1,7,2,6,3,2,7,1,6,4,7,2,7,1,7,1,7,2,8,8,0,0,8,8,8,8,8,8,8,7,0,0,2,0,0,8,8,8,4,5,8,8,8,8,6,4,8,2,8,8,1,8,8,8,8,0,0,8,8,8,NA,My partner has invested his time and efforts in to our relationship in so many different ways and it makes me feel loved and appreciated.,Intangible,1,9,9,9,9,9,9,9,9,7,2,5,9,9,9,9,1,9,9,9,9,9,9,6,9,9,1,1,9,9,9,9,9,9,9,9,1,2,5,1,4,9,9,9,6,7,9,9,9,7,1,6,9,9,9,9,1,9,9,9,9,1,1,9,9,9,2,Female,24,3,NA,38,6,NA,1,NA,NA,7.2,7.2,6.538461538461538,5.6,8.5,7.384615384615385
6/7/2018 14:21,6/7/2018 14:42,0,100,1283,1,6/7/2018 14:42,R_1dE9URi9AoylF4e,anonymous,EN,5ac17ad59534ba0001c71d01,8,7,8,8,8,0,0,0,0,0,8,8,8,8,8,8,8,8,8,8,0,8,8,8,8,8,7,8,1,1,7,1,7,3,1,7,1,7,7,7,1,1,1,7,1,7,1,8,8,0,0,8,8,8,8,5,8,8,8,8,8,0,0,0,8,8,8,8,8,8,8,8,8,8,8,8,8,8,8,8,8,8,8,8,0,0,8,8,8,NA,"My partner bought me a new computer for university in our study room, this made me feel happy, relieved, special and brilliant. 
He bought me the computer as my laptop had broke and i decided to design a study room for myself. I am very grateful for him and my luxurys!",Intangible,4 days,1,9,9,1,9,9,9,9,9,9,9,9,9,9,9,9,9,9,9,9,9,9,9,9,9,1,1,9,9,9,9,9,9,9,9,1,1,1,1,9,9,9,9,9,9,9,9,9,9,9,9,9,9,9,9,9,9,9,9,9,1,1,9,9,9,2,Female,21,3,NA,2 y 4m,3,NA,1,NA,NA,8,8,8,9,9,9
6/7/2018 14:32,6/7/2018 14:42,0,100,596,1,6/7/2018 14:42,R_2uV3wByiNpuOy4K,anonymous,EN,5b05c15ec3a2cb0001b0b1fa,8,8,8,8,8,3,4,6,5,2,7,8,8,1,1,8,8,8,2,0,2,0,1,8,8,0,7,8,2,1,7,1,7,3,1,7,1,3,3,7,1,7,4,7,2,7,1,8,8,0,0,8,8,8,8,8,8,8,8,0,2,4,4,4,8,8,8,3,7,8,8,8,1,0,7,0,0,NA,8,0,8,8,8,8,0,0,8,8,8,"Within the last week, my partner has not made any tangible investments into our relationship outside of disposable goods like meals. I feel appreciated and valued when my partner pays for meals.",NA,Tangible,2,8,8,8,10,9,9,9,9,1,1,6,1,1,9,9,1,8,9,9,9,9,3,8,9,9,1,1,9,9,9,9,9,9,9,9,2,4,6,2,4,9,9,9,3,9,9,9,9,2,1,5,1,1,9,9,1,8,9,9,9,1,1,9,9,9,NA,Male,23,3,NA,7,3,NA,1,NA,NA,0.6,0.6,4.666666666666667,1,8.5,5.615384615384615
6/7/2018 14:31,6/7/2018 14:42,0,100,654,1,6/7/2018 14:42,R_71EBPEgRGloRFv3,anonymous,EN,585a4869f2b1a90001f9d6d0,2,1,1,1,1,0,0,1,0,6,7,0,7,6,5,4,5,7,8,7,1,0,0,2,5,0,8,1,7,7,5,2,3,3,3,4,6,2,4,5,5,5,6,4,6,4,4,5,6,3,0,3,3,3,0,0,0,0,0,4,5,6,8,8,5,2,2,6,4,7,8,4,6,1,0,0,0,2,3,0,2,0,1,2,2,3,4,2,2,NA,My partner has been supportive of my new business venture. This has been reassuring and validating.,Intangible,9,10,7,7,10,9,6,7,4,7,1,3,1,1,3,5,1,8,2,4,2,8,2,7,4,3,8,5,4,2,3,5,2,1,3,2,1,1,1,5,5,8,8,7,8,6,8,8,7,8,1,3,1,1,2,8,6,8,2,5,8,5,8,6,5,8,2,Female,39,3,NA,16,5,NA,1,NA,NA,3,3,2.5384615384615383,2.2,4.75,3.769230769230769
6/7/2018 14:26,6/7/2018 14:42,0,100,964,1,6/7/2018 14:42,R_2Pu14uY13dLG3KO,anonymous,EN,5ad635e499e5f100015dfb8f,8,8,8,7,7,5,4,7,2,5,8,7,8,8,7,7,8,8,8,0,8,0,8,6,7,8,5,5,2,5,6,2,6,3,2,7,3,5,3,7,7,7,3,6,5,7,7,8,8,0,0,8,8,8,7,5,6,7,7,3,4,8,5,6,7,5,7,7,5,7,8,7,8,0,3,0,8,8,8,8,8,6,8,8,0,0,7,7,8,NA,"My partner recently set aside two evenings specifically to talk with me and learn more about how I'm feeling. I stay at home while my partner works, which helps reduce stress in our family life but I'm struggling in some ways and I appreciate that my partner makes time for us to delve deeper. If I were also working, I imagine that much of my need for social connection would be filled by colleagues. My partner seems to fill much of her need for social connections at her workplace. Since I stay at home, I appreciate that my partner regularly makes time for us to talk after the kids have gone to sleep. Having this time helps me relax and open up about small things that bother me but seem too mundane to discuss during the busiest parts of our days. This investment of time helps me feel loved.",Intangible,7,8,9,9,9,9,8,9,9,9,1,6,1,9,9,9,9,9,8,9,9,9,8,9,9,9,1,1,9,9,9,8,9,8,9,8,4,4,7,3,7,9,9,9,8,9,9,9,9,9,9,9,1,9,9,9,9,9,8,9,9,1,1,9,9,9,1,Male,40,3,NA,210,5,NA,1,NA,NA,4.8,4.8,6.076923076923077,5.8,8.375,7.384615384615385
6/7/2018 14:27,6/7/2018 14:43,0,100,978,1,6/7/2018 14:43,R_2V1v2kg5PBBJFC0,anonymous,EN,59ef597fae9f950001d84bda@email.prolific.ac,7,7,7,7,7,1,1,4,2,4,7,6,8,1,8,8,8,8,8,8,7,5,8,7,8,8,7,8,5,6,6,2,5,3,2,6,6,6,3,6,5,5,2,7,6,6,4,8,8,0,0,8,8,8,8,8,8,8,7,2,7,5,4,5,8,7,8,2,8,8,8,7,8,8,7,8,8,7,8,8,7,8,8,8,0,0,8,8,8,NA,My partner supported me and looked after the children when I was sick. If we were to break up I would have no one to support me and help out when I'm sick.,Intangible,10,8,9,8,9,9,9,9,9,9,9,8,9,9,8,9,9,8,9,8,8,9,2,9,9,9,1,1,9,9,9,8,8,8,8,8,2,6,6,5,4,9,8,9,2,9,9,9,8,9,9,8,9,9,8,9,9,8,9,9,9,1,1,9,9,9,2,Female,35,3,NA,144,5,NA,1,NA,NA,7.4,7.4,7.6923076923076925,9,8.625,8.76923076923077
6/7/2018 14:30,6/7/2018 14:43,0,100,796,1,6/7/2018 14:43,R_2aLgcxoLM9iO4WH,anonymous,EN,59002f47fb96b90001ddd8b2,4,8,5,6,4,4,5,8,8,8,8,7,7,8,8,8,8,6,8,8,6,8,8,5,8,8,8,8,5,1,6,1,5,3,1,7,1,4,1,5,1,4,1,6,1,7,1,8,8,7,0,6,7,8,8,8,8,8,4,0,0,0,3,7,8,8,8,8,8,8,8,8,8,8,8,8,8,8,8,8,8,8,8,8,0,0,8,8,8,"We have arranged to have the house extended, for our growing family. This has made me feel secure, but nervous that i am now in this for ever",NA,Tangible,12,9,9,9,1,9,9,9,9,9,9,9,9,9,9,9,9,9,9,9,9,9,9,9,9,9,8,1,9,6,8,7,8,7,7,7,4,7,9,6,7,9,8,8,9,8,9,9,9,9,9,8,NA,9,9,9,9,9,9,8,9,9,9,9,9,9,1,Male,39,3,NA,134,5,NA,1,NA,NA,8,8,8,9,9,9
6/7/2018 14:32,6/7/2018 14:44,0,100,704,1,6/7/2018 14:44,R_1KfNXzLlbmU9Xsd,anonymous,EN,5acb6b4968b65b00018d9a3b,6,5,5,6,7,2,4,4,3,4,7,4,4,5,5,7,6,6,3,0,6,4,0,4,6,0,4,6,3,5,4,3,4,3,3,4,3,2,3,4,4,3,3,4,3,5,4,6,6,2,3,4,4,5,4,5,5,5,6,2,3,4,4,7,5,5,5,5,5,6,6,6,0,0,4,2,0,5,6,0,6,6,7,7,1,7,6,6,6,A pair of shoes that my partner bought for me while we were out shopping. It would lose value to me because I would not want to wear them and I would probably throw them out or sell them.,NA,Tangible,5,7,6,7,10,8,8,7,7,1,1,5,2,1,5,7,1,7,7,7,6,7,7,7,7,7,8,8,8,8,8,7,7,6,7,8,8,7,5,5,5,7,7,7,7,7,7,8,5,1,1,5,2,1,5,7,1,6,6,6,6,3,4,6,6,6,2,Female,36,2,NA,144,3,NA,1,NA,NA,1.4,1.4,3.6153846153846154,1.2,6.625,4.538461538461538
6/7/2018 14:19,6/7/2018 14:45,0,100,1558,1,6/7/2018 14:45,R_1dK6R7nAsCwagv1,anonymous,EN,5a63014235f26b0001491880,8,8,7,8,8,6,5,6,6,4,8,3,4,2,6,6,7,4,7,6,1,0,8,4,5,8,1,6,3,1,6,1,7,3,1,6,1,7,2,7,1,6,1,6,2,6,1,8,8,0,0,8,8,8,8,7,7,7,7,3,2,6,2,2,7,7,5,7,6,5,7,7,7,7,4,0,8,8,6,8,5,7,8,8,0,0,8,8,8,NA,"In the past week my health has not been great and my hubby has had to take on most of the household tasks including the cooking.

I came home from work the other day and the house was lovely and clean and he made me a very special meal which was delicious.  I felt very special cos he went out of his way to make sure everything was done in the house and then made me a fantastic meal that was absolutely wonderful.  Sometimes its just the little extra things he does that makes the difference especially when i'm not feeling to well.",Intangible,7,10,6,8,4,9,8,8,8,8,9,8,1,9,9,8,9,6,8,9,8,8,8,6,9,9,1,1,9,9,9,9,9,9,9,9,4,7,8,5,6,9,8,8,8,6,8,9,9,9,9,5,1,9,9,9,9,6,8,9,9,9,1,9,9,9,2,Female,48,3,NA,324,5,NA,1,NA,NA,5.8,5.8,6.076923076923077,7.2,7.875,7.615384615384615
6/7/2018 14:31,6/7/2018 14:45,0,100,850,1,6/7/2018 14:45,R_1K0wIilT03TXKxj,anonymous,EN,55057a56fdf99b5b566a70bb,7,8,5,7,7,0,0,1,4,1,8,4,8,2,8,8,8,8,0,0,2,0,0,7,7,0,4,8,4,3,4,4,6,3,2,7,5,1,5,1,7,1,4,7,5,7,7,8,8,0,0,7,8,8,6,8,7,8,5,2,2,2,2,0,8,4,8,2,8,7,7,7,0,0,0,0,0,6,7,0,4,8,8,8,0,0,6,6,8,As a birthday present my partner replaced a book that was dear to me that I lost to someone else when I was young. The present made me feel very warm and listened to; I liked very much that he recalled this story that I had told him only once or twice and enough details of the book to replace it. It made me feel secure and loved.,NA,Tangible,14,6,6,10,3,9,9,9,7,1,1,5,1,1,7,8,1,5,9,7,5,9,3,9,9,9,1,1,9,8,9,8,9,7,8,7,2,2,1,2,3,7,5,9,3,9,9,9,7,1,1,4,1,1,7,8,1,4,9,9,9,1,1,9,8,9,2,Female,25,3,NA,22,3,NA,1,NA,NA,0,0,3.5384615384615383,1,7.375,4.923076923076923
6/7/2018 14:19,6/7/2018 14:45,0,100,1519,1,6/7/2018 14:45,R_3PgWy9vnUpq4k4V,anonymous,EN,5a4d5282c64cfe00011ca483,6,6,6,NA,8,4,2,3,1,0,8,0,2,0,6,8,6,8,4,0,0,0,0,2,8,0,8,2,1,7,7,7,1,3,1,7,5,1,5,7,5,1,1,7,5,7,7,6,6,2,0,2,6,5,5,6,5,5,2,2,2,5,2,2,5,0,5,0,5,5,6,4,0,0,0,NA,0,0,5,0,0,2,6,6,3,0,4,5,6,NA,"My partner has invested love towards me and our sons, this made us feel great and loving towards him. Also grateful for him, working all hours to provide for us.",Intangible,7,9,7,9,6,9,7,6,9,1,1,1,1,9,1,7,1,1,2,7,1,6,1,6,7,7,3,1,5,8,7,7,7,7,7,9,1,1,1,1,1,7,1,7,1,6,8,6,9,1,1,1,1,1,1,7,1,7,3,8,9,2,1,6,8,8,2,Female,24,3,NA,72,6,Partner,1,NA,NA,0.8,0.8,1.8333333333333333,2.6,4.25,3.6153846153846154
6/7/2018 14:14,6/7/2018 14:45,0,100,1855,1,6/7/2018 14:45,R_3MDs1axzEDCiSlQ,anonymous,EN,5ac5e40c9534ba0001c749d9,4,0,4,2,5,0,0,2,0,0,6,2,7,3,6,6,6,8,4,0,4,0,0,7,7,2,5,4,3,3,5,3,5,3,2,6,2,4,6,5,4,4,3,5,5,5,4,4,6,5,4,7,5,4,3,5,4,2,5,4,4,4,4,4,6,4,8,2,7,7,3,3,0,0,2,0,0,4,7,2,5,6,5,5,4,3,4,4,4,NA,Me and my partner are in a at together and have recently been Ikea in Swindon to get furniture trying to get the flat together one we done the shop together it was really nice to do together trying both to make  about flat a home we got back and built and put up all the furniture and it made us feel good the flat looked nicer and it's from our  own money from both working makes you respect it more and increases your own self esteem and moral,Intangible,1 week and 6 days,3,3,4,4,7,7,4,4,1,1,2,1,1,3,9,3,7,5,3,4,7,4,3,5,7,5,3,6,6,5,4,1,4,4,7,1,1,1,1,1,5,4,7,3,8,8,4,9,1,1,2,1,1,4,7,3,7,5,5,4,5,5,5,4,4,2,Female,22,3,NA,2 years,6,Living together,1,NA,NA,1.2,1.2,3,1.4,5.125,3.6923076923076925
6/7/2018 14:28,6/7/2018 14:46,0,100,1060,1,6/7/2018 14:46,R_1MLHyt8K23ZCEbs,anonymous,EN,5b16d47ddbae3e00017e661d,7,8,8,8,8,3,2,1,1,1,8,7,8,1,6,8,8,8,8,8,6,0,8,7,8,0,4,5,1,1,6,3,6,3,1,6,2,6,5,7,2,7,2,6,2,7,3,8,8,0,0,8,8,8,5,8,8,8,6,4,4,2,2,2,7,6,8,2,8,8,5,8,8,8,5,0,8,8,8,0,4,7,8,8,0,0,8,8,8,"We have booked a holiday for October. I am very excited about it and think it'll bring more quality time together and we can pretend we are in the beginning stage of our relationship again. 

It will also mean limited time on the phone so we can talk more and not have to worry about people calling and asking questions as much. 

We have had several holidays before but this one will be two weeks long and we have booked a villa just for the two of us, so it'll feel romantic.",NA,Tangible,10,9,9,9,4,7,9,9,9,9,9,7,1,9,8,9,1,7,7,9,7,9,2,9,9,9,1,1,9,9,9,9,8,9,9,9,2,1,2,1,1,8,7,9,2,8,9,8,9,9,9,8,1,9,8,9,1,6,7,9,9,2,1,9,9,9,2,female,24,5,Black British,42,3,NA,1,NA,NA,4.8,4.8,5.923076923076923,5.8,8.125,7.230769230769231
6/7/2018 14:34,6/7/2018 14:47,0,100,727,1,6/7/2018 14:47,R_3fPOyW7xcIOnkcz,anonymous,EN,5923c61747508d000152e47b,8,5,6,8,8,3,0,0,0,4,8,6,8,7,6,8,8,8,8,8,4,8,8,7,8,8,4,7,3,1,7,1,7,3,3,7,3,7,2,7,1,7,2,7,4,7,5,8,8,0,0,8,8,8,6,5,6,7,5,3,4,2,4,4,8,6,8,2,6,8,8,8,NA,8,1,7,8,7,8,8,7,7,8,8,0,0,8,8,8,NA,Providing support when stressed and listening. Made me feel secure and less worried.,Intangible,3,9,9,9,9,9,9,9,9,9,9,2,9,9,8,9,9,8,9,9,8,9,3,9,9,9,1,1,9,9,9,9,7,8,9,9,2,5,1,4,3,9,8,9,7,8,9,9,9,9,9,8,8,9,9,9,9,9,8,9,9,1,1,9,9,9,2,Female,30,3,NA,53,5,NA,1,NA,NA,8,8,7.083333333333333,9,7.875,8.307692307692308
6/7/2018 14:29,6/7/2018 14:47,0,100,1027,1,6/7/2018 14:47,R_1K1jWLH0l0kkMdu,anonymous,EN,576d8b1d620ff600017607fb,7,7,7,7,7,0,0,7,0,7,7,7,7,7,7,7,7,7,1,1,2,2,2,2,7,2,2,2,2,2,2,2,2,3,2,6,6,6,4,6,6,6,2,6,5,6,6,7,7,1,1,7,7,7,7,7,7,7,7,2,2,2,2,2,7,7,7,7,7,7,7,7,7,7,1,1,1,1,7,1,4,7,7,7,0,0,7,7,7,"She has come to social events with me, although she dislikes them.",NA,Tangible,10,4,3,8,2,9,8,8,8,1,1,4,1,1,3,8,1,2,8,8,2,8,4,8,8,8,2,2,8,8,8,8,8,8,8,8,1,1,1,1,1,8,3,8,3,8,8,8,8,1,1,7,1,1,5,8,1,7,8,8,8,1,1,8,8,8,1,Male,19,3,NA,15,3,NA,2,9,NA,1.6,1.6,4.461538461538462,1,6.125,4.153846153846154
6/7/2018 14:31,6/7/2018 14:47,0,100,951,1,6/7/2018 14:47,R_SPsrynrqnCpP71f,anonymous,EN,5996f2df6b939900012d9f5e,7,6,7,7,7,0,0,1,0,0,6,8,8,4,7,7,8,8,7,7,7,0,7,7,8,7,7,7,1,5,7,3,6,3,1,7,3,6,4,6,2,6,3,6,2,6,2,8,8,0,0,8,8,8,7,6,7,8,7,0,0,2,2,2,7,7,8,6,7,7,7,7,8,7,7,0,7,7,7,7,7,7,8,8,0,0,7,7,7,Do not completely understand the question so will have to take a guess on whether this is a tangible investment. My partner proposed to me in 2016 and in the past 2 weeks we have agreed on a date and location and began wedding planning. This investment has made me feel very happy and content knowing my partners feelings for me and that we can make ourselves a proper family. I feel excited and proud that my partner wants to invest this with me and cares about me in this way.,NA,Tangible,14,8,8,8,8,9,9,9,8,8,8,8,1,8,8,9,8,8,8,8,8,9,7,8,9,9,1,1,9,9,9,9,8,9,9,9,1,1,1,1,1,9,8,9,7,8,9,8,8,9,8,9,1,8,8,9,8,8,8,9,9,1,1,9,9,9,2,female,22,3,NA,28,4,NA,1,NA,NA,5.6,5.6,6.538461538461538,6.6,8.375,7.6923076923076925
6/7/2018 14:31,6/7/2018 14:47,0,100,958,1,6/7/2018 14:47,R_3Rt7dZHQDXTvFSH,anonymous,EN,586e5cdddb3e720001e22fc8,8,7,8,8,7,3,1,3,1,0,8,8,8,1,5,7,8,7,7,8,6,0,1,5,6,7,7,7,1,1,7,2,7,3,2,6,2,4,4,6,2,6,3,4,2,6,2,8,8,0,0,8,8,8,7,8,7,7,7,4,2,2,2,6,7,7,8,7,7,7,8,7,6,8,7,0,8,7,8,8,8,8,8,8,0,0,8,8,8,NA,"My partner is completely devote to me and our family as a whole. I had my parents visiting us and they stayed in our house for 4 weeks throughout which my partner has been very kind and loving,  made them feel comfortable and at home, he was coming early from work in order to take away the kids for a walk so that my mum and dad would have a rest. By helping them he was showing respect and love towards me as well and he always does. He is just the best husband ever. There are many other examples and I know that words are not enough to describe this",Intangible,10,8,9,9,8,9,9,9,8,9,9,8,1,3,8,9,9,9,9,9,9,9,8,9,9,9,1,1,9,9,9,9,8,8,9,9,2,2,5,3,3,8,9,9,3,8,8,9,7,8,9,4,1,2,7,8,9,9,8,9,9,1,2,9,9,9,2,female,39,3,NA,75,5,NA,1,NA,NA,4.6,4.6,6.923076923076923,6.2,8.625,7.6923076923076925
6/7/2018 14:34,6/7/2018 14:48,0,100,790,1,6/7/2018 14:48,R_3iRwCCR9lm8Ga7A,anonymous,EN,58fe27c557344b0001ee202a,8,8,7,8,8,0,4,4,4,3,8,6,8,6,8,8,8,6,1,0,4,0,0,6,8,0,3,8,3,2,6,3,7,3,2,6,5,6,5,6,4,6,2,7,7,6,6,8,8,0,0,8,8,8,8,8,8,8,8,0,7,3,4,8,8,5,8,4,8,8,8,5,0,0,6,0,0,7,8,0,6,8,8,8,0,0,8,8,8,NA,My partner has invested love into our relationship by being thoughtful and planning our next holiday together in the past 2 weeks.,Intangible,7,9,9,9,8,9,9,9,7,1,1,7,1,1,9,8,1,7,8,9,6,9,6,9,9,9,1,1,9,9,9,9,9,8,9,9,1,5,4,5,1,9,7,9,6,9,9,9,7,1,1,8,1,1,9,9,1,7,9,9,9,1,1,9,9,9,2,female,26,3,NA,36,3,NA,1,NA,NA,0.2,0.2,4.3076923076923075,1,8,5.3076923076923075
6/7/2018 14:29,6/7/2018 14:48,0,100,1130,1,6/7/2018 14:48,R_3meOsfBSfyTM6Rj,anonymous,EN,59cc1df546f7210001906af9,7,8,8,8,7,6,8,4,5,6,5,3,4,6,6,8,7,8,7,8,8,7,8,8,7,8,8,4,3,2,6,1,6,3,1,7,6,5,3,6,1,5,7,7,6,7,2,8,8,4,0,8,8,8,6,8,7,7,8,5,6,7,6,7,6,5,7,5,8,5,8,7,4,8,8,8,8,7,7,8,7,7,8,8,2,0,7,8,8,I had an ectopic pregnancy and it made him realise he wanted to spend the rest of his life with me and buy our first home.,NA,Tangible,10,7,4,6,4,9,7,8,9,8,9,8,7,9,9,9,9,9,8,8,5,7,7,9,9,9,2,1,9,9,9,9,9,9,9,8,7,5,3,6,8,9,8,9,8,9,8,9,9,8,9,9,9,9,8,9,9,9,8,9,9,3,1,9,9,9,2,Female,26,3,NA,90,3,NA,1,NA,NA,7.6,7.6,7.076923076923077,8.4,8.375,8.384615384615385
6/7/2018 14:33,6/7/2018 14:48,0,100,908,1,6/7/2018 14:48,R_3JDjyGv1g3JxA69,anonymous,EN,5a86e1a4eea3d300016e7981,7,5,5,6,8,1,1,1,1,0,0,8,8,5,6,8,8,7,6,0,7,0,8,5,8,8,1,8,1,1,6,3,6,3,1,7,6,6,6,6,5,6,2,6,2,7,6,8,8,0,0,8,8,8,6,5,5,6,5,4,2,4,3,2,8,8,8,6,6,8,8,6,7,0,7,0,8,6,7,8,7,7,7,7,0,0,7,6,7,"A new beanbag for the lounge. Put old one was damaged and the children use it a lot so despite myself and my partner not needibg a replacement the children did. We saw one for sale whilst out shopping and we hadn't planned on getting one that day. I stated I couldn't afford to get it that particular day and would return after pay day. My partner then chose to purchase it using his own money. This made the children happy, I felt relived as it was one less financial obligation for me and I felt love toward my husband as this purchase didn't benefit him directly but our children and I like to as the affection and care he shows them.",NA,Tangible,6,7,7,7,8,9,8,8,6,7,1,6,1,9,7,8,9,7,8,8,8,8,6,6,9,9,1,1,9,9,9,8,7,7,8,8,2,2,1,1,1,9,9,9,7,7,9,9,8,6,1,7,1,9,8,9,9,6,9,8,8,2,1,8,7,8,2,Female,40,3,NA,220,5,NA,1,NA,NA,4.4,4.4,6.076923076923077,5.4,7.25,6.538461538461538
6/7/2018 14:30,6/7/2018 14:49,0,100,1128,1,6/7/2018 14:49,R_5b6qAWMEC0fbkNr,anonymous,EN,56a8cb687f24720006943d25,6,7,5,8,6,1,3,6,2,1,7,1,7,6,7,8,8,6,8,8,8,0,8,7,8,0,6,8,1,5,6,1,6,3,1,7,5,6,6,6,3,6,6,7,7,7,7,8,8,0,0,8,8,8,3,5,5,6,7,2,6,2,4,6,8,8,8,5,7,8,8,5,8,8,4,0,8,5,6,0,7,8,7,8,0,0,6,7,8,NA,"My partner minded our toddler son so that I could spend time with our 2 daughters.   I knew this was an inconvenience for him because he was tired,but I was happy he offered to do so because it helped me do something I wanted to do.",Intangible,3,8,9,9,6,9,9,9,8,9,9,7,1,9,9,9,1,8,9,9,6,9,6,7,9,9,1,1,9,9,9,7,8,8,9,6,2,4,6,4,2,9,8,9,7,9,9,9,7,9,9,9,1,9,8,9,1,9,9,9,9,1,1,9,9,9,2,Female,38,3,NA,140,5,NA,1,NA,NA,4.8,4.8,5.769230769230769,5.8,8.5,7.461538461538462
6/7/2018 14:37,6/7/2018 14:49,0,100,709,1,6/7/2018 14:49,R_31ZtDuYLqxVApq5,anonymous,EN,568bafa939a70e000c57ffa5,6,5,5,6,7,2,0,4,1,2,8,5,6,8,7,8,8,4,8,8,7,6,8,3,6,7,4,6,4,1,6,4,4,3,1,6,2,3,2,4,2,5,2,5,2,5,2,6,8,0,0,8,8,8,5,4,4,4,6,3,2,2,2,2,7,6,7,7,6,8,8,5,7,7,7,5,8,4,7,8,5,6,7,7,0,0,8,7,8,NA,My partner looked after me when I was unwell. He cared for me and took responsibility for the children so that I could take some time to recover from sickness.,Intangible,10,8,8,7,6,8,8,8,6,8,8,7,8,9,5,8,8,7,7,9,8,8,8,7,9,9,1,1,9,9,9,8,7,6,8,8,3,1,4,2,5,8,8,9,8,7,9,9,5,9,9,5,8,9,5,9,8,6,7,8,8,3,1,8,7,8,2,Female,41,3,NA,220,5,NA,1,NA,NA,7.4,7.4,6.538461538461538,8.2,7,7.461538461538462
6/7/2018 14:20,6/7/2018 14:49,0,100,1728,1,6/7/2018 14:49,R_3fNMS8DP8OEfRqW,anonymous,EN,56c64cb9305eaa000af2b7e4,5,4,4,5,5,2,1,3,1,3,6,3,6,1,4,6,6,4,6,5,4,0,0,6,6,0,4,5,2,1,5,2,4,3,1,5,3,2,4,4,4,3,4,6,4,4,4,6,6,0,0,7,6,6,5,5,4,5,5,4,2,2,2,4,7,5,7,3,5,7,7,5,6,5,3,0,0,7,7,0,4,6,8,8,0,0,8,8,8,"My husband gave me some money from his wallet last week that I needed to pay for parking at work. I didn't have any money on me at the time, and he did. I felt grateful that he had given the money, and relieved that I didn't have to go to a cash machine on my way to work.",NA,Tangible,7,6,7,8,3,8,8,8,6,6,1,5,1,1,8,8,1,5,7,8,5,8,3,6,8,8,1,1,8,7,8,7,5,5,6,6,2,2,4,2,4,7,4,8,2,7,8,8,6,6,5,5,1,1,8,8,1,7,6,8,8,1,1,8,8,8,2,Female,37,3,NA,120,5,NA,1,NA,NA,2.2,2.2,4.384615384615385,2,6.875,5
6/7/2018 14:35,6/7/2018 14:49,0,100,857,1,6/7/2018 14:49,R_1Duw0rAcml7SLsI,anonymous,EN,5b050c169d397e000191606d,6,7,7,6,7,7,6,7,7,1,7,6,6,7,7,7,7,4,7,8,6,8,8,7,8,8,8,8,6,2,6,3,6,3,2,5,1,5,1,5,1,5,1,6,1,5,1,7,7,1,0,6,8,8,7,7,7,7,6,6,7,7,2,6,7,7,7,8,6,7,7,7,7,6,7,6,8,7,7,7,7,7,8,7,1,0,7,7,7,NA,Having a child. Made us even further cubed and support happy,Intangible,10,8,8,8,7,9,8,7,6,8,8,8,7,8,6,8,7,8,8,7,8,8,7,8,8,7,2,1,6,8,7,8,9,9,7,8,8,2,6,3,8,8,7,8,8,8,9,8,6,8,6,5,8,8,9,8,8,8,7,8,8,2,2,8,8,8,1,30,C Caucasian,3,NA,60,5,NA,1,NA,NA,7.8,7.8,6.923076923076923,7.6,7.375,7.461538461538462
6/7/2018 13:38,6/7/2018 14:50,0,100,4316,1,6/7/2018 14:50,R_3JgeDa6bSiz0PWk,anonymous,EN,5999ccda1b3d95000121f951,8,6,6,7,8,4,0,4,0,0,4,1,0,4,0,4,7,8,8,8,0,0,0,7,4,0,4,5,1,1,7,1,7,3,1,7,1,2,4,4,4,7,1,7,3,4,4,8,8,2,0,8,8,8,8,8,6,8,8,0,0,0,0,0,8,8,0,0,4,5,8,8,8,8,4,0,0,8,7,0,1,8,8,8,0,0,8,8,8,My partner invested in my music studio. I felt happy about it.,NA,Tangible,5,9,8,8,1,9,8,8,9,9,9,7,1,1,8,8,1,4,8,8,8,8,7,7,9,9,1,1,9,9,9,9,7,8,9,9,3,5,1,1,1,7,8,8,7,7,8,9,9,9,9,8,1,1,9,8,1,5,9,9,9,1,1,9,9,9,2,Female,39,2,NA,216,5,NA,1,NA,NA,3.2,3.2,5,4.2,7.5,6.230769230769231
6/7/2018 14:35,6/7/2018 14:51,0,100,970,1,6/7/2018 14:51,R_1MM85RsS0cEB30x,anonymous,EN,597744c3c1e7a00001729a42,8,5,8,8,8,0,0,4,0,0,8,8,8,0,5,8,8,8,8,8,8,8,8,0,8,0,4,8,1,1,7,1,7,3,1,7,1,1,1,7,1,7,1,7,1,7,1,8,8,0,0,8,8,8,8,4,4,8,8,4,4,4,2,3,8,8,8,8,8,8,8,8,8,8,8,8,8,5,8,0,4,8,8,8,0,0,8,8,8,"I have 5 children from a previous marriage and my husband is always supportive of me  and them
Recently we have had a bad time with my middle son where drugs have been involved and my husband has been my absolute rock",NA,Tangible,9,9,9,9,9,9,9,9,9,9,1,9,9,9,6,9,1,6,9,9,9,9,5,9,9,9,1,1,9,9,9,9,5,5,9,9,1,1,1,1,1,9,9,9,9,9,9,9,9,9,1,9,9,9,5,9,1,5,9,9,9,1,1,9,9,9,2,Female,54,3,NA,120 months,5,NA,1,NA,NA,6.4,6.4,6.846153846153846,5.8,8.25,7.3076923076923075
6/7/2018 14:30,6/7/2018 14:51,0,100,1279,1,6/7/2018 14:51,R_1prFvSKnmrIJw5S,anonymous,EN,54468870fdf99b648b6a5c69,7,7,7,8,7,0,0,2,0,1,8,8,8,4,8,8,8,6,7,0,6,3,4,6,8,6,7,8,1,1,4,2,6,3,2,5,3,4,2,5,2,5,2,6,2,6,5,8,8,0,0,8,8,8,7,7,7,8,7,2,2,4,3,3,8,8,8,5,8,8,8,7,8,0,7,4,8,5,8,8,8,8,8,8,1,2,8,8,8,NA,"I was recently admitted to hospital for 3 weeks. My partner visited me every single day, even though he works in London and had to come straight from the train to the hospital, so wasn't getting any time to himself and not much sleep. He did this because he loves me and I greatly appreciated that.",Intangible,10,7,9,9,3,9,9,9,5,9,1,6,5,8,6,9,9,9,9,9,9,9,6,9,9,9,2,1,9,8,9,8,8,8,9,8,2,3,3,2,3,9,9,9,5,9,9,9,7,9,1,7,5,6,7,9,8,9,9,9,9,2,2,9,9,9,2,Female,37,3,NA,204,4,NA,1,NA,NA,4,4,6.6923076923076925,6.4,7.75,7.230769230769231
6/7/2018 14:35,6/7/2018 14:51,0,100,947,1,6/7/2018 14:51,R_1LpuDqQw9Us3PVV,anonymous,EN,59789a06bedf280001dc27df,3,0,0,2,1,3,0,8,3,8,6,6,5,0,5,6,4,0,3,8,4,8,8,4,6,0,8,4,4,7,4,7,2,3,7,3,7,2,7,1,6,1,7,4,6,4,5,4,5,2,0,4,4,4,2,3,2,2,5,4,6,4,2,4,2,5,3,3,3,4,2,2,5,8,2,4,8,3,7,0,3,2,3,5,3,3,4,3,1,He does a YouTube channel which would possibly fall apart if we were to break up for whatever reason. He says I'm his rock with it all. I help him with it and think of ways for him to move forward.,NA,Tangible,4,7,8,9,3,6,8,5,6,9,9,3,5,9,6,7,1,6,5,8,6,5,5,5,6,8,4,1,5,6,6,1,1,1,4,4,7,5,8,5,4,7,5,6,2,4,7,6,4,9,9,7,9,9,4,5,1,6,5,6,8,3,6,6,7,6,2,Female,28,3,NA,145,4,NA,1,NA,NA,5.4,5.4,3.8461538461538463,6.6,5.75,6.076923076923077
6/7/2018 14:21,6/7/2018 14:51,0,100,1844,1,6/7/2018 14:51,R_8vxuN9ZCUVtnZHb,anonymous,EN,59ad617a8cef7d00011f893c,7,7,7,8,7,1,3,7,3,7,7,4,7,0,6,8,8,7,3,1,2,5,7,1,7,0,2,7,1,3,7,1,5,3,4,7,3,6,2,6,2,6,1,7,4,7,6,8,8,0,0,8,8,8,8,6,8,7,8,2,6,2,7,2,8,7,8,5,7,8,7,8,5,5,7,7,6,1,8,0,8,7,8,8,2,0,8,8,8,"My partner has bought some train tickets for us to travel home tomorrow, after a holiday visiting my mum. It made me feel safe and looked after that he booked the tickets himself and took charge, knowing that doing it myself makes me anxious.",NA,Tangible,Today,7,7,8,2,9,9,9,9,8,1,7,8,8,2,9,1,9,8,9,8,9,8,8,9,9,1,1,9,9,9,8,8,8,9,8,6,3,8,3,8,9,8,9,2,8,9,9,9,7,1,6,8,8,3,8,1,7,8,9,9,3,1,9,9,9,2,Female,33,3,NA,83,3,NA,1,NA,NA,3.2,3.2,5.923076923076923,5.2,7.75,6.769230769230769
6/7/2018 14:22,6/7/2018 14:52,0,100,1820,1,6/7/2018 14:53,R_WfgSgRCdwa7xwhr,anonymous,EN,5a2449cdbe28e600011b5e68,6,7,7,7,6,4,3,4,4,4,5,4,5,3,6,5,6,8,7,3,3,4,3,6,5,3,4,5,2,2,6,5,4,3,3,6,3,5,2,5,1,5,3,5,2,4,2,7,5,2,4,5,6,6,6,8,6,7,5,4,2,3,2,2,6,5,7,5,6,6,7,6,6,2,3,2,2,6,5,2,5,7,7,6,1,2,7,7,8,My partner bought a new mobile phone for me. Because my mobile phone's camera was not working. So we can use skype to see each other. This behavior made our relationship stronger. This investment made me feel valuable.,NA,Tangible,12,6,6,7,4,8,7,7,7,8,6,6,3,2,8,8,2,8,8,6,7,8,7,7,8,7,2,3,7,7,7,8,8,8,8,8,5,4,4,3,3,6,6,6,6,6,6,7,8,7,6,6,4,4,7,7,3,6,8,8,7,2,2,8,8,8,1,male,28,5,middle eastern,16,3,NA,2,13,NA,4,4,4.538461538461538,4.2,7.375,6.153846153846154
6/7/2018 14:41,6/7/2018 14:53,0,100,693,1,6/7/2018 14:53,R_9RKjp9M7MUYFXix,anonymous,EN,5968bcd3cfe16100019a1c36u,7,7,7,7,6,3,3,5,3,3,8,8,8,7,7,8,8,7,8,8,5,7,8,7,8,8,7,7,2,1,6,2,6,3,2,6,1,6,2,7,2,5,3,6,3,6,2,8,8,0,0,8,8,8,7,7,8,7,6,2,3,4,2,4,6,8,7,4,7,8,8,7,8,8,6,8,8,8,8,8,6,6,8,8,0,0,8,8,8,"A second car, to benefit the family and improve family life.",NA,Tangible,9,6,4,4,2,8,9,9,7,9,9,6,9,9,8,9,9,7,7,9,9,9,7,8,9,9,1,1,9,9,9,8,8,8,8,7,4,4,6,4,6,9,8,9,8,8,9,9,8,9,9,6,9,9,8,9,9,9,7,9,9,1,1,9,9,9,2,Female,23,3,NA,5 years,4,NA,1,NA,NA,7.8,7.8,7.461538461538462,9,7.75,8.23076923076923
6/7/2018 14:27,6/7/2018 14:53,0,100,1558,1,6/7/2018 14:53,R_1JXQX2ac6Cqrqus,anonymous,EN,5a606ae1eedc32000142ea79,6,6,6,6,5,4,6,6,4,3,6,7,6,7,6,7,7,7,8,7,6,8,8,0,7,8,7,5,1,3,7,1,5,3,1,6,1,6,1,5,1,6,1,7,1,6,1,8,8,0,0,6,6,6,5,7,5,6,6,0,0,2,0,0,8,7,7,7,7,8,8,7,8,8,8,8,8,7,8,8,8,4,8,8,0,0,7,7,7,My partner bought me and our daughter a dog which made us happy he is now a huge part of our family. We also own a house together which neither of us would be able to afford if we were not together.,NA,Tangible,365,8,8,4,10,8,9,9,8,9,9,8,9,9,9,9,9,8,6,9,6,8,8,8,9,9,1,1,8,9,9,8,9,7,8,8,1,7,6,3,5,9,9,9,9,9,9,8,9,9,9,NA,NA,NA,NA,NA,9,9,9,9,9,1,1,9,9,9,2,female,31,3,NA,107,5,NA,1,NA,NA,7.8,7.8,7.538461538461538,9,8.25,8.538461538461538
6/7/2018 14:19,6/7/2018 14:54,0,100,2089,1,6/7/2018 14:54,R_10BO4hoEhBBq5gq,anonymous,EN,5a6b49369d65ec00017e749a,6,4,4,6,6,5,6,2,5,2,4,1,6,1,3,6,6,6,4,4,2,2,2,2,6,2,3,6,2,2,6,2,6,3,2,5,2,2,2,4,2,6,2,5,2,6,2,6,7,1,1,4,2,6,7,6,7,7,7,6,5,2,2,2,4,5,4,2,4,5,5,6,2,1,2,1,0,6,6,1,4,4,6,6,1,1,5,5,5,"My partner recently bought a tv smart and play 3, We both enjoyed playing video games online, I liked it a lot because it's something we enjoyed together and  I'm feeling very happy.",NA,Tangible,6,7,7,7,2,8,7,7,7,2,3,4,2,2,7,7,2,5,7,4,6,6,7,5,7,7,2,3,7,7,7,7,5,6,8,8,6,6,2,2,2,5,6,5,3,5,6,6,7,2,2,3,2,2,8,6,2,6,6,7,7,2,2,5,6,7,2,female,24,3,NA,25,3,NA,1,NA,NA,2.8,2.8,3.3076923076923075,2.2,6.375,4.769230769230769
6/7/2018 14:31,6/7/2018 14:55,0,100,1412,1,6/7/2018 14:55,R_3fjvTC0cqfeRwlj,anonymous,EN,5abc2acaa3ba7a0001b44bd2,6,7,6,5,5,0,4,0,4,4,8,8,8,1,8,8,8,8,8,8,4,0,8,8,8,8,8,8,1,1,7,1,7,3,1,7,2,3,1,7,3,7,1,7,2,7,4,8,8,0,0,8,8,8,6,8,7,7,5,2,3,2,2,3,8,8,8,7,8,8,8,7,8,8,6,0,8,8,8,8,8,8,8,8,0,2,8,8,8,NA,"We recently bought a bunk bed for our kids to sleep in, they used to co-sleep in our bed with us. And we downsized our bed so we can be closer at night. It has made our love connection a lot better, we haven't argued as much since all the transitions.",Intangible,13,8,9,9,8,9,9,9,9,9,9,7,1,9,9,9,9,9,9,9,9,9,6,9,9,9,9,9,9,9,9,9,9,9,9,9,1,3,1,3,2,9,9,9,3,9,9,9,9,9,9,9,1,9,9,9,9,9,9,9,9,1,1,9,9,9,2,Female,32,2,NA,186,5,NA,1,NA,NA,6.4,6.4,7.153846153846154,7.4,8.75,8.23076923076923
6/7/2018 14:27,6/7/2018 14:55,0,100,1680,1,6/7/2018 14:55,R_1otNq4iJ7mDixbB,anonymous,EN,5a49698cb77a5000014a93a0,6,5,5,6,6,0,0,5,5,4,7,7,6,6,6,7,7,6,7,7,6,7,7,3,7,5,5,6,5,6,5,5,4,3,5,5,6,4,5,3,4,5,5,5,6,5,6,8,7,0,0,7,7,8,7,7,6,6,6,2,2,5,5,3,7,7,7,5,7,7,8,8,8,8,8,8,8,8,8,8,8,8,8,8,0,0,8,8,8,my partner has taken on a 2nd job so that we can save to buy our first home together. this made me feel very supported,NA,Tangible,10,8,9,8,6,9,9,9,9,9,9,8,8,8,6,9,8,8,8,9,8,8,6,7,9,9,1,1,9,9,9,8,7,7,8,8,3,3,6,5,6,8,7,7,8,7,8,8,9,9,8,9,9,8,8,8,8,8,9,9,9,2,1,9,9,9,1,male,26,NA,NA,50,5,NA,1,NA,NA,6.6,6.6,7.923076923076923,8.4,8.25,8.307692307692308
6/7/2018 14:27,6/7/2018 14:55,0,100,1652,1,6/7/2018 14:55,R_3EbZDyT9QSNDvdT,anonymous,EN,570e14beceaf25000d141f5c,4,4,3,4,4,5,3,2,3,2,4,4,5,2,4,5,5,5,3,2,4,0,0,5,5,0,4,6,4,5,5,4,4,3,4,4,4,5,4,4,4,4,5,4,4,4,4,5,5,3,1,5,5,5,4,4,3,4,4,6,6,6,6,6,4,4,4,3,4,4,4,7,4,2,4,1,0,5,4,1,4,6,4,4,4,6,4,4,3,NA,I'm facing a very difficult period because I've lost my job and I'm finding a new one. Surely the fact that my partner is close to me trying to give me support when the future seems to be so dark and uncertain is a very important effort (or intangible investment) that my partner is putting into our relationship.,Intangible,1,10,6,6,6,6,5,5,7,2,2,5,2,1,6,5,1,5,7,5,5,5,5,5,6,6,3,3,6,6,6,5,5,5,5,5,6,4,4,4,4,6,6,6,5,6,6,6,6,2,2,5,2,2,6,6,1,6,7,5,5,6,6,5,5,5,1,Male,36,3,NA,18,3,NA,1,NA,NA,1,1,3.5384615384615383,1.6,5.625,4.076923076923077
6/7/2018 14:27,6/7/2018 14:55,0,100,1686,1,6/7/2018 14:55,R_3rJ5uypwUgsWBdh,anonymous,EN,5978f6f009bdcf000153f43d,7,5,6,7,5,5,2,5,4,8,8,8,8,5,8,8,8,8,8,8,6,8,8,6,8,8,8,7,1,4,6,3,7,3,1,7,4,6,4,6,4,7,4,7,4,7,4,8,8,0,0,8,8,8,5,5,5,6,5,4,3,4,4,5,8,8,8,6,8,8,8,8,8,8,5,8,8,7,8,8,8,7,8,8,0,0,8,8,8,NA,I HAD TO GO INTO HOSPITAL FOR A DAY PROCEDURE.I WAS WORRIED ABOUT THIS AND I EXPLAINED MY FEARS TO MY PARTNER. SHE TOLD ME SHE LOVED ME AND THAT SHE WOULD DO ALL SHE COULD TO ALLAY MY FEARS .SHE EXPLAINED IN CLEAR LOGIC HOW THE OPERATION WOULD GO AND HOW THINGS WOULD PAN OUT WITH HER EMOTIONAL AND PRACTICAL HELP.I FELT MUCH BETTER AND MY FEAR LESSENED AND I FELT LOVED SECURE CONTENT AND EMOTIONALLY SUPPORTED,Intangible,7,9,9,9,1,9,9,9,9,9,9,6,9,9,7,9,9,9,8,9,9,9,7,9,9,9,1,1,8,9,9,7,6,6,7,6,5,4,8,5,9,9,9,9,7,9,9,9,9,9,9,6,9,9,7,9,9,9,8,9,9,1,1,8,9,9,1,male,53,3,NA,204,5,NA,1,NA,NA,8,8,7.615384615384615,9,8.25,8.538461538461538
6/7/2018 14:39,6/7/2018 14:55,0,100,989,1,6/7/2018 14:55,R_2Eda9Rtx4gHmi4k,anonymous,EN,5a5006b8ac56240001534c81,7,8,5,7,8,0,0,4,0,4,7,0,7,1,4,7,6,6,6,5,0,0,2,0,7,0,0,6,2,1,6,1,7,3,1,7,1,3,1,6,3,7,2,6,3,4,5,8,8,0,0,8,8,8,7,8,8,8,6,2,2,0,0,2,6,0,7,0,7,8,8,5,6,2,0,0,0,0,6,0,5,6,8,8,0,0,8,8,8,Discussions about getting a loan together to carry out home improvements. This made me happy that our relationship was moving forward with more committment and devolopments. This makes me feel like our relationship is progressing.,NA,Tangible,3,6,6,9,9,7,8,9,6,7,1,3,1,2,1,8,1,6,7,9,1,8,3,8,9,9,1,1,9,9,9,8,7,7,9,8,3,1,4,3,5,8,1,8,1,6,9,9,7,6,1,1,1,1,1,9,1,1,7,9,9,1,1,9,9,9,2,Female,28,3,NA,34,3,NA,1,NA,NA,2.6,2.6,3.5384615384615383,2.4,6,4.615384615384615
6/7/2018 14:29,6/7/2018 14:56,0,100,1637,1,6/7/2018 14:56,R_uaxYShSTSJ1jTQl,anonymous,EN,56ca27d3e939d10005badc1f,8,7,7,8,7,1,4,2,4,1,8,4,8,4,7,8,8,7,8,8,6,0,8,6,8,8,7,7,2,1,6,1,6,3,2,6,1,6,2,6,1,7,2,7,1,7,2,8,8,0,0,8,8,8,7,7,7,7,7,2,4,2,4,2,8,6,8,4,7,8,8,7,8,8,6,0,8,7,8,8,7,7,8,8,0,0,8,8,8,"I love to sew, machine embroider, and quilt. A couple of weeks ago I had the opportunity to purchase a new top of the line sewing/embroidery machine at an excellent price. It is my dream machine. But the price was more than I could afford on my own with my resources and would need input from our and/or his resources. We discussed about buying the machine in terms of not just cost, but how much I enjoy using my machine and also how the items I make are enjoyed by both of us - quilts for beds, wallhangings in our home and other items. In the end we decided to go ahead with the purchase and resources to make the purchase were shared. The whole process reminded me of how we have shared things, worked together to make decisions and are willing to support things in our relationship that are shared but also  might be enjoyed more by one than the other. While not something that is absolutely a need, the new machine has put a smile on my face and made me recognize that he is the guy for me because of the way we work together and because of mutual respect.",NA,Tangible,12,3,8,4,3,9,9,9,8,9,9,7,1,9,7,9,9,8,8,9,8,9,5,8,9,9,1,1,9,9,9,9,8,8,9,8,2,5,3,5,2,9,7,9,5,8,9,9,8,9,9,7,1,9,8,9,9,8,8,9,9,1,1,9,9,9,2,Female,57,3,NA,402,5,NA,1,NA,NA,6.4,6.4,6.923076923076923,7.4,8.125,7.846153846153846
6/7/2018 14:35,6/7/2018 14:57,0,100,1318,1,6/7/2018 14:57,R_10pwP2R5SWfGfhO,anonymous,EN,55d29e1c5bc5bc0005d90b02,8,8,8,8,8,0,0,0,0,0,8,7,8,7,8,8,8,8,8,8,7,8,8,8,8,8,7,8,1,1,7,1,7,3,1,7,1,6,1,7,1,7,1,7,2,7,1,8,8,0,0,8,8,8,8,8,8,8,8,0,0,0,0,0,8,7,8,6,8,8,8,8,8,8,6,8,8,7,8,8,7,8,8,8,0,0,8,8,8,NA,"My partner provided me with emotional support, as I was having a very difficult time with my work responsibilities.  I was under more stress than usual and really needed to vent.  He was very patient with me, listening carefully, asking me questions, and offering any support I needed.  Talking about my situation with a partner who was really listening to me made me feel much better, as if a weight had been lifted off of me.  He gave his time and effort to make me feel better when I needed help, and it's something I would sorely miss if I were to lose him.",Intangible,10,9,9,8,9,9,9,9,9,9,9,8,9,9,8,9,9,9,9,9,8,9,7,9,9,9,1,1,9,9,9,9,9,9,9,9,1,1,1,1,1,9,8,9,8,9,9,9,9,9,9,8,9,9,9,9,9,8,9,9,9,1,1,9,9,9,2,Female,34,3,NA,126,5,NA,1,NA,NA,8,8,7.6923076923076925,9,8.75,8.846153846153847
6/7/2018 14:29,6/7/2018 14:57,0,100,1672,1,6/7/2018 14:57,R_3rUvq6hwK4oVCPO,anonymous,EN,5a9ac5f16475f900019ff4d3,7,8,8,7,7,2,0,3,0,0,8,7,7,0,1,7,8,6,7,1,7,0,0,7,7,0,0,5,7,7,2,6,2,3,4,2,6,1,2,1,6,2,4,2,6,1,5,8,8,0,0,8,8,8,7,5,6,5,2,2,4,4,7,6,5,2,7,0,7,7,8,0,0,0,0,NA,0,5,7,0,0,4,8,8,4,0,6,6,8,NA,"My partner has supported me in a change of career. He has listened to my concerns before I started the job and then listened to the ""stories"" I've had from said work. This made me feel happy and helped with the nagging doubts that come before starting a new job.",Intangible,7,9,8,8,8,9,8,8,5,1,1,2,1,1,7,8,1,8,6,8,7,7,1,6,9,9,1,1,8,9,9,8,7,8,8,8,2,2,2,2,2,8,7,8,1,6,8,8,3,1,1,7,1,1,7,8,1,7,7,8,8,8,1,8,8,9,2,Female,46,3,NA,144,5,NA,1,NA,NA,1.6,1.6,2.5833333333333335,1,6.5,4.384615384615385
6/7/2018 14:38,6/7/2018 15:01,0,100,1411,1,6/7/2018 15:01,R_2RPtfSlosK3OsX0,anonymous,EN,5a58e3ea76d1c60001ab1955,7,7,6,7,6,6,6,3,3,3,7,7,8,4,7,7,7,7,7,7,6,8,8,7,7,0,7,7,2,2,7,1,6,3,2,7,1,6,5,7,6,6,2,7,6,6,6,8,8,0,0,8,8,8,7,7,6,6,4,2,2,0,2,0,6,7,8,4,7,7,7,7,7,7,7,8,8,8,7,0,6,7,8,8,0,0,8,8,8,NA,"My partner confided in me about difficulties he is having with his mother.  She is very old and very confused and has accused my partner of 'stealing' some of her belongings.  My partner is very stressed and upset by the whole situation.  I have spent hours with him trying to give comfort, love and support.  I have also promised continued love and support.  It has made me feel good to be able to view offer this love to my partner and to see him be comforted by that.",Intangible,4,8,8,8,4,8,8,8,8,8,8,8,9,8,8,8,1,8,8,8,8,8,7,7,9,9,1,1,8,9,9,8,8,8,8,7,7,7,2,2,7,8,8,8,8,8,8,8,8,8,8,8,9,8,8,8,1,8,8,9,9,1,1,8,9,9,2,Female,59,3,NA,216,5,NA,1,NA,NA,6,6,6.615384615384615,6.8,8,7.538461538461538
6/7/2018 14:40,6/7/2018 15:02,0,100,1357,1,6/7/2018 15:02,R_1jTX3fT17F7F027,anonymous,EN,5956738092b7c9000169389d,8,7,8,8,8,2,2,4,1,2,7,7,6,4,4,6,8,8,5,4,4,0,0,7,6,6,5,8,2,3,6,4,7,3,1,7,4,5,4,6,3,7,2,7,2,6,4,8,8,0,0,8,8,8,7,6,7,7,7,3,3,3,3,3,7,7,7,5,6,8,7,7,5,5,5,0,3,6,7,5,7,7,8,8,0,0,8,8,8,NA,"My partner invested love, care, and support when I was going through a rough patch in my professional life. They were there for me, and supported me. 

This helped me to feel secure, hopeful and loved. It raised my mood, and allowed me to look to the future in a positive light.",Intangible,4,9,9,9,9,9,8,8,8,8,6,6,1,5,8,8,6,7,8,8,8,8,5,7,9,9,1,1,9,9,9,9,8,9,9,9,3,3,4,3,3,8,8,9,3,6,8,8,9,8,6,7,1,6,8,8,5,8,8,9,9,1,1,9,9,9,1,Male,30,3,NA,28,3,NA,1,NA,NA,3,3,5.538461538461538,5.2,7.625,6.6923076923076925
6/7/2018 14:38,6/7/2018 15:04,0,100,1562,1,6/7/2018 15:04,R_2tJ8BPjmcP17NzS,anonymous,EN,59aae7342ab6b80001a7dfdf,8,4,7,8,8,6,6,3,7,3,3,2,5,5,3,4,7,7,8,8,4,0,8,5,5,8,2,7,3,3,6,3,7,3,2,6,2,6,1,6,4,7,3,7,3,7,2,8,8,0,0,8,8,8,7,5,7,8,6,3,2,2,3,4,7,5,8,7,4,7,8,7,8,8,6,0,8,7,6,8,5,7,8,8,0,0,8,8,8,NA,"last week my partner took me out for a surprise meal for my birthday.  When we go out to eat we usually decide together which restaurant we should go to, after discussing the menu, cost etc. so it is usually a joint decision.  It was unusual for him to make a decision about where we should go and actually make the booking himself.  It was a nice restaurant but a small part of me wished that I had been involved in the decision about where we should go - I would have suggested somewhere different!  However it was good of him to take it on himself to provide a surprise.",Intangible,6,2,3,3,2,7,6,9,7,9,9,8,1,9,7,6,9,6,8,6,6,7,7,4,9,9,1,1,9,9,9,9,5,7,9,9,4,7,3,7,4,6,6,8,7,4,6,9,8,9,9,7,1,9,7,6,9,6,8,9,9,1,1,9,9,9,2,female,67,3,NA,538,5,NA,1,NA,NA,6.4,6.4,6.538461538461538,7.4,7.125,7.230769230769231
6/7/2018 14:37,6/7/2018 15:08,0,100,1868,1,6/7/2018 15:08,R_1gtL3K664gDmvzl,anonymous,EN,5ab7c19e1667e40001d7cd93,8,7,8,8,7,0,3,2,3,0,8,7,8,5,5,8,8,8,8,8,5,8,8,8,8,5,7,7,3,5,6,1,7,3,1,7,2,5,2,7,3,3,1,7,5,7,7,8,8,0,0,8,8,8,7,7,8,8,7,2,2,7,2,3,8,7,8,7,7,8,8,8,8,8,7,7,8,8,8,6,8,7,8,8,0,0,8,8,8,"We are in the process of buying a house, so in the past two weeks, my partner has brought this new place into our relationship as a tangible investment. It gives me relief knowing that he is handling so much of the details with the money and mortgage because of the anxiety that financial matters gives me. At the same time, it is exciting to think about us moving into this new home.",NA,Tangible,5,8,7,2,6,9,9,9,9,9,9,8,8,9,8,9,9,9,8,9,9,9,8,8,9,9,1,1,9,9,9,9,8,9,9,9,2,4,3,4,2,9,8,9,8,8,9,9,9,9,9,8,9,9,9,9,8,8,8,9,9,1,1,9,9,9,2,Female,26,3,NA,93,5,NA,1,NA,NA,7.4,7.4,7.615384615384615,8.8,8.625,8.692307692307692
6/7/2018 14:28,6/7/2018 15:12,0,100,2631,1,6/7/2018 15:12,R_1FR2Ohc40agL5mY,anonymous,EN,59860c7c492e910001dee735,8,7,7,8,7,5,7,2,3,5,7,6,7,4,5,8,8,8,8,8,8,8,8,7,7,8,8,8,1,7,7,7,7,3,7,7,1,7,1,7,1,7,7,7,1,7,1,8,8,0,0,8,8,0,8,8,8,8,8,8,7,7,0,7,8,8,8,0,8,8,8,8,8,8,8,8,8,7,8,8,8,8,8,8,0,0,8,8,8,my partner invited me on dinner and buying a flowers,NA,Tangible,1,9,9,9,3,7,9,9,9,9,9,9,6,9,9,9,9,9,9,9,9,9,5,9,9,9,1,1,9,9,9,9,9,9,9,9,9,9,6,9,9,9,9,9,9,9,9,9,9,9,9,9,9,9,9,9,9,9,9,9,9,1,1,9,9,9,2,female,32,5,England,7,NA,NA,1,NA,NA,8,8,7.923076923076923,8.4,9,8.76923076923077
6/7/2018 15:15,6/7/2018 15:26,0,100,642,1,6/7/2018 15:26,R_3g624Axqkl7BYYe,anonymous,EN,597e220e30b1d90001f5f14a,8,8,8,8,8,0,0,1,0,0,8,7,8,8,8,8,8,8,8,4,6,0,0,6,8,5,6,8,1,1,7,1,7,3,1,7,1,4,1,7,1,2,1,7,1,7,3,8,8,0,0,8,8,8,8,8,8,8,8,0,0,2,2,2,8,5,8,8,8,8,8,8,8,5,4,0,0,7,8,5,6,8,8,8,0,0,8,8,8,"we have put money into decorating our flat  which has made me feel happy as we are making it more of a home,",NA,Tangible,6,7,7,8,1,8,9,9,9,9,1,3,1,1,8,9,5,4,9,9,7,9,9,9,9,9,1,1,9,9,9,9,9,9,9,9,1,1,2,2,2,9,7,9,9,9,9,9,9,9,1,4,1,1,8,9,5,5,9,9,9,1,1,9,9,9,2,female,26,3,NA,79,3,NA,1,NA,NA,3.4,3.4,5.769230769230769,3.4,7.5,5.923076923076923
6/7/2018 15:30,6/7/2018 15:42,0,100,745,1,6/7/2018 15:42,R_1kHBgyp6WANNtXq,anonymous,EN,58b1e8dadffbb5000194b3aa,7,7,6,7,7,4,5,3,3,3,7,6,7,7,7,7,7,8,7,7,7,8,0,7,7,0,7,7,2,3,6,3,6,3,2,6,4,5,5,6,4,5,5,6,5,6,2,8,7,0,0,7,8,8,6,6,6,7,NA,3,3,2,3,3,7,7,7,7,6,7,7,7,7,7,6,8,0,7,7,0,7,7,7,7,1,1,7,7,7,NA,My partner has shown love for me during times of personal stress and this has made me feel secure and wanted .,Intangible,7,8,8,8,9,8,8,8,9,8,8,8,9,1,8,8,1,8,8,8,8,8,8,8,8,8,1,1,8,8,8,8,8,8,8,8,3,4,4,4,3,8,8,8,8,8,8,8,8,8,8,8,9,1,8,8,1,7,8,8,8,2,2,8,8,8,1,Male,57,5,Mixed,240,5,NA,1,NA,NA,4.4,4.4,5.923076923076923,5.4,8.125,7.076923076923077
6/8/2018 11:29,6/8/2018 11:44,0,100,941,1,6/8/2018 11:44,R_R3HsE0YU87TDCPn,anonymous,EN,5ab14797e1546900019b231c,5,5,3,5,5,3,5,2,2,2,2,2,5,4,4,5,4,5,1,0,0,0,0,1,4,0,4,4,4,4,4,2,4,3,3,3,4,3,1,1,4,4,3,3,4,3,4,4,5,4,0,5,5,5,4,4,4,4,4,5,4,4,4,4,3,3,5,4,3,5,4,3,0,0,0,0,0,1,5,0,5,4,5,4,3,2,4,4,4,Mt partner and I bought furniture for their flat. I felt positive and provided me with some reassurance that we are progressing further in our relationship and they are committed to me.,NA,Tangible,6,6,6,6,4,6,6,5,4,1,1,2,1,1,3,6,1,6,5,5,4,5,5,5,6,6,3,1,6,6,6,6,6,5,7,7,2,2,3,2,2,7,4,5,5,5,6,5,4,1,1,2,1,1,4,6,1,6,5,6,6,3,3,5,5,5,2,Female,30,5,Mauritian,36,3,NA,1,NA,NA,0.2,0.2,2.076923076923077,1,4.625,3.230769230769231
6/8/2018 11:29,6/8/2018 11:46,0,100,1013,1,6/8/2018 11:46,R_0k1C2EjGcHVpJGp,anonymous,EN,5964ee31b752840001ca4ba4,8,7,7,8,8,3,2,2,2,3,7,7,8,5,7,7,8,8,8,8,6,7,8,7,8,8,4,7,1,1,7,1,7,3,1,7,1,6,3,7,2,6,2,7,3,7,2,8,8,0,0,8,8,8,8,7,7,8,8,2,0,2,0,0,8,6,8,6,7,8,8,8,8,8,7,8,8,7,8,8,6,7,8,8,0,0,8,8,8,"Gave up the opportunity to go on a golf weekend to spend time with me supporting me through a difficult time due to work issues. He sat listened and gave supportive help in dealing with the situation. I did not ask him not to go on the golfing weekend he chose not to. I felt safe, supported an important.",NA,Tangible,6,7,9,8,2,9,9,9,9,9,9,8,9,9,8,9,9,7,8,9,9,9,8,9,9,9,1,1,9,9,9,9,9,8,9,9,2,1,1,1,1,9,8,9,8,9,9,9,9,9,9,9,9,9,8,9,9,8,8,9,9,1,1,9,9,9,NA,Female,48,3,NA,28,5,NA,1,NA,NA,7.8,7.8,7.615384615384615,9,8.375,8.615384615384615
6/8/2018 11:29,6/8/2018 11:56,0,100,1644,1,6/8/2018 11:56,R_wWZnq2oDechUjhD,anonymous,EN,5a59e8ef76d1c60001ab24a4,8,6,8,8,8,0,0,1,0,0,8,8,8,4,8,8,8,8,4,0,6,0,0,5,8,0,2,8,1,2,7,6,7,3,1,7,2,1,4,7,6,2,4,7,6,6,5,8,8,0,0,8,8,8,7,8,8,8,8,2,2,2,2,0,8,4,6,0,8,8,8,8,0,0,2,4,0,4,8,0,4,8,8,8,0,0,8,8,8,NA,"I would say my partner has invested the intangible asset of ‘Trust’ into our relationship as you she had let me get closer to her son.

It made me feel very happy and I felt a great deal of responsibility that I have taken very seriously. 

",Intangible,8,6,10,6,6,8,8,9,9,1,1,4,5,1,6,8,1,6,9,9,7,8,3,9,9,9,1,1,9,9,9,9,9,9,9,9,1,1,1,1,1,9,9,8,6,9,9,9,9,1,1,7,5,1,6,9,1,5,9,NA,NA,NA,NA,NA,NA,NA,1,Male,25,3,NA,25,3,NA,1,NA,NA,0.8,0.8,4.153846153846154,1.8,7.375,5.230769230769231
6/7/2018 14:01,6/7/2018 14:21,0,55,1175,0,6/8/2018 12:14,R_2Ynq4b0cbt5ykYf,anonymous,EN,5a8b1784f1408d000176ac0d,5,5,3,4,5,2,2,6,2,5,6,4,5,3,5,8,8,8,6,0,5,2,0,3,6,8,5,5,3,5,2,6,4,3,2,5,5,3,4,5,5,5,3,6,5,5,6,8,8,0,0,8,8,8,4,5,3,4,5,5,6,6,6,5,4,4,3,2,4,4,4,3,5,0,4,1,0,4,4,8,3,4,7,6,2,1,7,7,7,NA,we have 5 kids 4 of them are girls the oldest is 15 years old and the youngest is 11 months old i cannot think of a specific incident as there are so many but it would never be the same or would definitely decrease the value she brings to the girls upbringing as there are to many times i would be lost without her when it comes to the girls.,Intangible,2,9,9,9,1,9,NA,NA,NA,NA,NA,NA,NA,NA,NA,NA,NA,NA,NA,NA,NA,NA,NA,NA,NA,NA,NA,NA,NA,NA,NA,NA,NA,NA,NA,NA,NA,NA,NA,NA,NA,NA,NA,NA,NA,NA,NA,NA,NA,NA,NA,NA,NA,NA,NA,NA,NA,NA,NA,NA,NA,NA,NA,NA,NA,NA,NA,NA,NA,NA,NA,NA,NA,NA,NA,NA,NA,3.2,3.2,3.3846153846153846,NA,NA,NA
6/7/2018 13:01,6/7/2018 13:19,0,67,1112,0,6/8/2018 12:14,R_3KqlWIcyww7EGek,anonymous,EN,5b15a5c89663ee000146426e,8,8,8,8,8,4,5,2,4,3,3,6,6,6,4,7,8,8,8,8,8,8,8,8,6,8,4,7,1,1,7,3,7,3,1,7,1,7,2,7,3,7,2,7,2,7,3,8,8,0,0,8,8,8,8,8,8,8,8,6,4,2,4,2,8,8,8,8,6,7,8,6,8,8,6,8,8,6,8,8,7,5,8,8,0,0,8,8,8,Our camper van needed a new battery and because I’m a SAHM I don’t have the funds to pay for it. I feel extremely lucky to have my partner and am very grateful for how generous he is.,NA,Tangible,4,10,9,9,1,9,7,9,8,9,9,7,9,9,7,9,9,6,7,8,9,7,8,9,9,9,1,1,9,9,9,9,7,8,9,9,4,5,3,4,3,8,9,8,8,8,NA,NA,NA,NA,NA,NA,NA,NA,NA,NA,NA,NA,NA,NA,NA,NA,NA,NA,NA,NA,NA,NA,NA,NA,NA,NA,NA,NA,NA,NA,NA,8,8,7.153846153846154,9,7.5,8.076923076923077
6/7/2018 14:03,6/7/2018 14:04,0,12,32,0,6/8/2018 12:15,R_2Wv4uPTwrlIs7dC,anonymous,EN,5976451e0673e400019617e3,NA,NA,NA,NA,NA,NA,NA,NA,NA,NA,NA,NA,NA,NA,NA,NA,NA,NA,NA,NA,NA,NA,NA,NA,NA,NA,NA,NA,NA,NA,NA,NA,NA,NA,NA,NA,NA,NA,NA,NA,NA,NA,NA,NA,NA,NA,NA,NA,NA,NA,NA,NA,NA,NA,NA,NA,NA,NA,NA,NA,NA,NA,NA,NA,NA,NA,NA,NA,NA,NA,NA,NA,NA,NA,NA,NA,NA,NA,NA,NA,NA,NA,NA,NA,NA,NA,NA,NA,NA,NA,NA,NA,NA,NA,NA,NA,NA,NA,NA,NA,NA,NA,NA,NA,NA,NA,NA,NA,NA,NA,NA,NA,NA,NA,NA,NA,NA,NA,NA,NA,NA,NA,NA,NA,NA,NA,NA,NA,NA,NA,NA,NA,NA,NA,NA,NA,NA,NA,NA,NA,NA,NA,NA,NA,NA,NA,NA,NA,NA,NA,NA,NA,NA,NA,NA,NA,NA,NA,NA,NA,NA,NA,NA,NA,NA,NA,NA,NA,NA,NA,NA,NA,NA,NA,NA
